[{"model": "admin.logentry", "pk": 1, "fields": {"action_time": "2021-02-06T21:53:38.881Z", "user": 1, "content_type": 7, "object_id": "1", "object_repr": "Teas", "action_flag": 1, "change_message": "[{\"added\": {}}]"}}, {"model": "admin.logentry", "pk": 2, "fields": {"action_time": "2021-02-06T21:56:27.606Z", "user": 1, "content_type": 8, "object_id": "1", "object_repr": "Green Tea", "action_flag": 1, "change_message": "[{\"added\": {}}]"}}, {"model": "admin.logentry", "pk": 3, "fields": {"action_time": "2021-02-06T23:25:14.789Z", "user": 1, "content_type": 8, "object_id": "1", "object_repr": "Green Tea", "action_flag": 2, "change_message": "[{\"changed\": {\"fields\": [\"Description\"]}}]"}}, {"model": "admin.logentry", "pk": 4, "fields": {"action_time": "2021-02-06T23:26:22.118Z", "user": 1, "content_type": 8, "object_id": "2", "object_repr": "Blue Tea", "action_flag": 1, "change_message": "[{\"added\": {}}]"}}, {"model": "admin.logentry", "pk": 5, "fields": {"action_time": "2021-02-06T23:26:51.523Z", "user": 1, "content_type": 7, "object_id": "2", "object_repr": "Coffees", "action_flag": 1, "change_message": "[{\"added\": {}}]"}}, {"model": "admin.logentry", "pk": 6, "fields": {"action_time": "2021-02-06T23:27:18.626Z", "user": 1, "content_type": 8, "object_id": "3", "object_repr": "Arabica", "action_flag": 1, "change_message": "[{\"added\": {}}]"}}, {"model": "admin.logentry", "pk": 7, "fields": {"action_time": "2021-02-08T17:08:02.493Z", "user": 1, "content_type": 10, "object_id": "1", "object_repr": "Order 1", "action_flag": 3, "change_message": ""}}, {"model": "admin.logentry", "pk": 8, "fields": {"action_time": "2021-02-11T14:08:00.884Z", "user": 1, "content_type": 11, "object_id": "1", "object_repr": "001", "action_flag": 1, "change_message": "[{\"added\": {}}]"}}, {"model": "admin.logentry", "pk": 9, "fields": {"action_time": "2021-02-11T14:41:38.736Z", "user": 1, "content_type": 11, "object_id": "1", "object_repr": "001", "action_flag": 2, "change_message": "[{\"changed\": {\"fields\": [\"Valid to\"]}}]"}}, {"model": "admin.logentry", "pk": 10, "fields": {"action_time": "2021-02-11T15:24:50.601Z", "user": 1, "content_type": 11, "object_id": "2", "object_repr": "002", "action_flag": 1, "change_message": "[{\"added\": {}}]"}}, {"model": "admin.logentry", "pk": 11, "fields": {"action_time": "2021-02-18T14:51:51.883Z", "user": 1, "content_type": 8, "object_id": "3", "object_repr": "Arabica", "action_flag": 3, "change_message": ""}}, {"model": "admin.logentry", "pk": 12, "fields": {"action_time": "2021-02-18T14:51:51.889Z", "user": 1, "content_type": 8, "object_id": "2", "object_repr": "Blue Tea", "action_flag": 3, "change_message": ""}}, {"model": "admin.logentry", "pk": 13, "fields": {"action_time": "2021-02-18T14:51:51.890Z", "user": 1, "content_type": 8, "object_id": "1", "object_repr": "Green Tea", "action_flag": 3, "change_message": ""}}, {"model": "admin.logentry", "pk": 14, "fields": {"action_time": "2021-02-18T14:52:06.694Z", "user": 1, "content_type": 10, "object_id": "25", "object_repr": "Order 25", "action_flag": 3, "change_message": ""}}, {"model": "admin.logentry", "pk": 15, "fields": {"action_time": "2021-02-18T14:52:06.696Z", "user": 1, "content_type": 10, "object_id": "24", "object_repr": "Order 24", "action_flag": 3, "change_message": ""}}, {"model": "admin.logentry", "pk": 16, "fields": {"action_time": "2021-02-18T14:52:06.698Z", "user": 1, "content_type": 10, "object_id": "23", "object_repr": "Order 23", "action_flag": 3, "change_message": ""}}, {"model": "admin.logentry", "pk": 17, "fields": {"action_time": "2021-02-18T14:52:06.699Z", "user": 1, "content_type": 10, "object_id": "22", "object_repr": "Order 22", "action_flag": 3, "change_message": ""}}, {"model": "admin.logentry", "pk": 18, "fields": {"action_time": "2021-02-18T14:52:06.700Z", "user": 1, "content_type": 10, "object_id": "21", "object_repr": "Order 21", "action_flag": 3, "change_message": ""}}, {"model": "admin.logentry", "pk": 19, "fields": {"action_time": "2021-02-18T14:52:06.702Z", "user": 1, "content_type": 10, "object_id": "20", "object_repr": "Order 20", "action_flag": 3, "change_message": ""}}, {"model": "admin.logentry", "pk": 20, "fields": {"action_time": "2021-02-18T14:52:06.703Z", "user": 1, "content_type": 10, "object_id": "19", "object_repr": "Order 19", "action_flag": 3, "change_message": ""}}, {"model": "admin.logentry", "pk": 21, "fields": {"action_time": "2021-02-18T14:52:06.704Z", "user": 1, "content_type": 10, "object_id": "18", "object_repr": "Order 18", "action_flag": 3, "change_message": ""}}, {"model": "admin.logentry", "pk": 22, "fields": {"action_time": "2021-02-18T14:52:06.705Z", "user": 1, "content_type": 10, "object_id": "17", "object_repr": "Order 17", "action_flag": 3, "change_message": ""}}, {"model": "admin.logentry", "pk": 23, "fields": {"action_time": "2021-02-18T14:52:06.706Z", "user": 1, "content_type": 10, "object_id": "16", "object_repr": "Order 16", "action_flag": 3, "change_message": ""}}, {"model": "admin.logentry", "pk": 24, "fields": {"action_time": "2021-02-18T14:52:06.707Z", "user": 1, "content_type": 10, "object_id": "15", "object_repr": "Order 15", "action_flag": 3, "change_message": ""}}, {"model": "admin.logentry", "pk": 25, "fields": {"action_time": "2021-02-18T14:52:06.708Z", "user": 1, "content_type": 10, "object_id": "14", "object_repr": "Order 14", "action_flag": 3, "change_message": ""}}, {"model": "admin.logentry", "pk": 26, "fields": {"action_time": "2021-02-18T14:52:06.708Z", "user": 1, "content_type": 10, "object_id": "13", "object_repr": "Order 13", "action_flag": 3, "change_message": ""}}, {"model": "admin.logentry", "pk": 27, "fields": {"action_time": "2021-02-18T14:52:06.710Z", "user": 1, "content_type": 10, "object_id": "12", "object_repr": "Order 12", "action_flag": 3, "change_message": ""}}, {"model": "admin.logentry", "pk": 28, "fields": {"action_time": "2021-02-18T14:52:06.711Z", "user": 1, "content_type": 10, "object_id": "11", "object_repr": "Order 11", "action_flag": 3, "change_message": ""}}, {"model": "admin.logentry", "pk": 29, "fields": {"action_time": "2021-02-18T14:52:06.712Z", "user": 1, "content_type": 10, "object_id": "10", "object_repr": "Order 10", "action_flag": 3, "change_message": ""}}, {"model": "admin.logentry", "pk": 30, "fields": {"action_time": "2021-02-18T14:52:06.713Z", "user": 1, "content_type": 10, "object_id": "9", "object_repr": "Order 9", "action_flag": 3, "change_message": ""}}, {"model": "admin.logentry", "pk": 31, "fields": {"action_time": "2021-02-18T14:52:06.714Z", "user": 1, "content_type": 10, "object_id": "8", "object_repr": "Order 8", "action_flag": 3, "change_message": ""}}, {"model": "admin.logentry", "pk": 32, "fields": {"action_time": "2021-02-18T14:52:06.715Z", "user": 1, "content_type": 10, "object_id": "7", "object_repr": "Order 7", "action_flag": 3, "change_message": ""}}, {"model": "admin.logentry", "pk": 33, "fields": {"action_time": "2021-02-18T14:52:06.716Z", "user": 1, "content_type": 10, "object_id": "6", "object_repr": "Order 6", "action_flag": 3, "change_message": ""}}, {"model": "admin.logentry", "pk": 34, "fields": {"action_time": "2021-02-18T14:52:06.717Z", "user": 1, "content_type": 10, "object_id": "5", "object_repr": "Order 5", "action_flag": 3, "change_message": ""}}, {"model": "admin.logentry", "pk": 35, "fields": {"action_time": "2021-02-18T14:52:06.718Z", "user": 1, "content_type": 10, "object_id": "4", "object_repr": "Order 4", "action_flag": 3, "change_message": ""}}, {"model": "admin.logentry", "pk": 36, "fields": {"action_time": "2021-02-18T14:52:06.720Z", "user": 1, "content_type": 10, "object_id": "3", "object_repr": "Order 3", "action_flag": 3, "change_message": ""}}, {"model": "admin.logentry", "pk": 37, "fields": {"action_time": "2021-02-18T14:52:06.721Z", "user": 1, "content_type": 10, "object_id": "2", "object_repr": "Order 2", "action_flag": 3, "change_message": ""}}, {"model": "admin.logentry", "pk": 38, "fields": {"action_time": "2021-02-18T14:52:25.869Z", "user": 1, "content_type": 7, "object_id": "2", "object_repr": "Coffees", "action_flag": 3, "change_message": ""}}, {"model": "admin.logentry", "pk": 39, "fields": {"action_time": "2021-02-18T14:52:25.871Z", "user": 1, "content_type": 7, "object_id": "1", "object_repr": "Teas", "action_flag": 3, "change_message": ""}}, {"model": "admin.logentry", "pk": 40, "fields": {"action_time": "2021-02-18T14:57:47.588Z", "user": 1, "content_type": 12, "object_id": "1", "object_repr": "Voirie en Fonte Ductile", "action_flag": 1, "change_message": "[{\"added\": {}}]"}}, {"model": "admin.logentry", "pk": 41, "fields": {"action_time": "2021-02-18T14:58:04.872Z", "user": 1, "content_type": 12, "object_id": "2", "object_repr": "Eau Potable", "action_flag": 1, "change_message": "[{\"added\": {}}]"}}, {"model": "admin.logentry", "pk": 42, "fields": {"action_time": "2021-02-18T14:58:12.407Z", "user": 1, "content_type": 12, "object_id": "3", "object_repr": "Mobilier Urbain", "action_flag": 1, "change_message": "[{\"added\": {}}]"}}, {"model": "admin.logentry", "pk": 43, "fields": {"action_time": "2021-02-18T14:59:22.550Z", "user": 1, "content_type": 7, "object_id": "1", "object_repr": "Tampons avec cadre", "action_flag": 1, "change_message": "[{\"added\": {}}]"}}, {"model": "admin.logentry", "pk": 44, "fields": {"action_time": "2021-02-18T14:59:45.967Z", "user": 1, "content_type": 7, "object_id": "2", "object_repr": "Grilles Avaloir", "action_flag": 1, "change_message": "[{\"added\": {}}]"}}, {"model": "admin.logentry", "pk": 45, "fields": {"action_time": "2021-02-18T15:00:07.198Z", "user": 1, "content_type": 7, "object_id": "3", "object_repr": "Tampons Avaloir", "action_flag": 1, "change_message": "[{\"added\": {}}]"}}, {"model": "admin.logentry", "pk": 46, "fields": {"action_time": "2021-02-18T15:00:20.267Z", "user": 1, "content_type": 7, "object_id": "4", "object_repr": "Appareils Syphoïdes", "action_flag": 1, "change_message": "[{\"added\": {}}]"}}, {"model": "admin.logentry", "pk": 47, "fields": {"action_time": "2021-02-18T15:36:58.869Z", "user": 1, "content_type": 8, "object_id": "4", "object_repr": "Regard de visite D400", "action_flag": 1, "change_message": "[{\"added\": {}}]"}}, {"model": "admin.logentry", "pk": 48, "fields": {"action_time": "2021-02-18T20:13:31.617Z", "user": 1, "content_type": 8, "object_id": "5", "object_repr": "Regard de visite C250", "action_flag": 1, "change_message": "[{\"added\": {}}]"}}, {"model": "admin.logentry", "pk": 49, "fields": {"action_time": "2021-02-18T20:14:12.201Z", "user": 1, "content_type": 8, "object_id": "6", "object_repr": "Regard carré C250", "action_flag": 1, "change_message": "[{\"added\": {}}]"}}, {"model": "admin.logentry", "pk": 50, "fields": {"action_time": "2021-02-18T20:14:56.375Z", "user": 1, "content_type": 8, "object_id": "7", "object_repr": "Regard carré B125", "action_flag": 1, "change_message": "[{\"added\": {}}]"}}, {"model": "admin.logentry", "pk": 51, "fields": {"action_time": "2021-02-18T20:16:50.115Z", "user": 1, "content_type": 8, "object_id": "8", "object_repr": "Regard de branchement", "action_flag": 1, "change_message": "[{\"added\": {}}]"}}, {"model": "admin.logentry", "pk": 52, "fields": {"action_time": "2021-02-18T20:29:02.788Z", "user": 1, "content_type": 8, "object_id": "9", "object_repr": "Grille D400 avec cadre", "action_flag": 1, "change_message": "[{\"added\": {}}]"}}, {"model": "admin.logentry", "pk": 53, "fields": {"action_time": "2021-02-18T20:31:51.277Z", "user": 1, "content_type": 8, "object_id": "10", "object_repr": "Grille B125 avec cadre", "action_flag": 1, "change_message": "[{\"added\": {}}]"}}, {"model": "admin.logentry", "pk": 54, "fields": {"action_time": "2021-02-19T14:43:42.646Z", "user": 1, "content_type": 8, "object_id": "11", "object_repr": "Appareil syphoïde avec ou sans cadre", "action_flag": 1, "change_message": "[{\"added\": {}}]"}}, {"model": "admin.logentry", "pk": 55, "fields": {"action_time": "2021-02-19T14:44:21.845Z", "user": 1, "content_type": 8, "object_id": "12", "object_repr": "Tampon avaloir carré C250 avec cadre et fourche", "action_flag": 1, "change_message": "[{\"added\": {}}]"}}, {"model": "admin.logentry", "pk": 56, "fields": {"action_time": "2021-02-19T14:45:05.909Z", "user": 1, "content_type": 8, "object_id": "13", "object_repr": "Grille de caniveau avec cadre D400", "action_flag": 1, "change_message": "[{\"added\": {}}]"}}, {"model": "admin.logentry", "pk": 57, "fields": {"action_time": "2021-02-19T14:45:45.554Z", "user": 1, "content_type": 8, "object_id": "14", "object_repr": "Grille de caniveau sans cadre D400", "action_flag": 1, "change_message": "[{\"added\": {}}]"}}, {"model": "admin.logentry", "pk": 58, "fields": {"action_time": "2021-02-19T20:35:46.755Z", "user": 1, "content_type": 7, "object_id": "5", "object_repr": "Voirie en Fonte Ductile", "action_flag": 1, "change_message": "[{\"added\": {}}]"}}, {"model": "admin.logentry", "pk": 59, "fields": {"action_time": "2021-02-19T20:35:56.697Z", "user": 1, "content_type": 7, "object_id": "4", "object_repr": "Appareils Syphoïdes", "action_flag": 2, "change_message": "[{\"changed\": {\"fields\": [\"Parent category\"]}}]"}}, {"model": "admin.logentry", "pk": 60, "fields": {"action_time": "2021-02-19T20:36:04.879Z", "user": 1, "content_type": 7, "object_id": "2", "object_repr": "Grilles Avaloir", "action_flag": 2, "change_message": "[{\"changed\": {\"fields\": [\"Parent category\"]}}]"}}, {"model": "admin.logentry", "pk": 61, "fields": {"action_time": "2021-02-19T20:36:11.757Z", "user": 1, "content_type": 7, "object_id": "3", "object_repr": "Tampons Avaloir", "action_flag": 2, "change_message": "[{\"changed\": {\"fields\": [\"Parent category\"]}}]"}}, {"model": "admin.logentry", "pk": 62, "fields": {"action_time": "2021-02-19T20:36:18.139Z", "user": 1, "content_type": 7, "object_id": "1", "object_repr": "Tampons avec cadre", "action_flag": 2, "change_message": "[{\"changed\": {\"fields\": [\"Parent category\"]}}]"}}, {"model": "admin.logentry", "pk": 63, "fields": {"action_time": "2021-02-19T20:36:26.089Z", "user": 1, "content_type": 7, "object_id": "5", "object_repr": "Voirie en Fonte Ductile", "action_flag": 2, "change_message": "[{\"changed\": {\"fields\": [\"Parent category\"]}}]"}}, {"model": "admin.logentry", "pk": 64, "fields": {"action_time": "2021-02-19T20:36:31.153Z", "user": 1, "content_type": 7, "object_id": "1", "object_repr": "Tampons avec cadre", "action_flag": 2, "change_message": "[]"}}, {"model": "admin.logentry", "pk": 65, "fields": {"action_time": "2021-02-19T22:31:31.704Z", "user": 1, "content_type": 7, "object_id": "5", "object_repr": "Voirie en Fonte Ductile", "action_flag": 2, "change_message": "[{\"changed\": {\"fields\": [\"Parent category\"]}}]"}}, {"model": "admin.logentry", "pk": 66, "fields": {"action_time": "2021-02-19T23:25:31.316Z", "user": 1, "content_type": 7, "object_id": "6", "object_repr": "Mobilier Urbain", "action_flag": 1, "change_message": "[{\"added\": {}}]"}}, {"model": "admin.logentry", "pk": 67, "fields": {"action_time": "2021-02-19T23:25:40.072Z", "user": 1, "content_type": 7, "object_id": "7", "object_repr": "Eau Potable", "action_flag": 1, "change_message": "[{\"added\": {}}]"}}, {"model": "admin.logentry", "pk": 68, "fields": {"action_time": "2021-02-20T17:40:26.067Z", "user": 1, "content_type": 7, "object_id": "8", "object_repr": "test category", "action_flag": 1, "change_message": "[{\"added\": {}}]"}}, {"model": "admin.logentry", "pk": 69, "fields": {"action_time": "2021-02-20T17:40:42.688Z", "user": 1, "content_type": 8, "object_id": "15", "object_repr": "test", "action_flag": 1, "change_message": "[{\"added\": {}}]"}}, {"model": "admin.logentry", "pk": 70, "fields": {"action_time": "2021-02-20T17:44:56.254Z", "user": 1, "content_type": 8, "object_id": "15", "object_repr": "test", "action_flag": 2, "change_message": "[{\"changed\": {\"fields\": [\"Image\"]}}]"}}, {"model": "admin.logentry", "pk": 71, "fields": {"action_time": "2021-02-21T13:51:24.742Z", "user": 1, "content_type": 7, "object_id": "5", "object_repr": "Voirie en Fonte Ductile", "action_flag": 2, "change_message": "[{\"changed\": {\"fields\": [\"Image\"]}}]"}}, {"model": "admin.logentry", "pk": 72, "fields": {"action_time": "2021-02-21T13:52:39.294Z", "user": 1, "content_type": 7, "object_id": "5", "object_repr": "Voirie en Fonte Ductile", "action_flag": 2, "change_message": "[{\"changed\": {\"fields\": [\"Image\"]}}]"}}, {"model": "admin.logentry", "pk": 73, "fields": {"action_time": "2021-02-21T14:00:41.716Z", "user": 1, "content_type": 7, "object_id": "7", "object_repr": "Eau Potable", "action_flag": 2, "change_message": "[{\"changed\": {\"fields\": [\"Image\"]}}]"}}, {"model": "admin.logentry", "pk": 74, "fields": {"action_time": "2021-02-21T14:05:31.403Z", "user": 1, "content_type": 7, "object_id": "6", "object_repr": "Mobilier Urbain", "action_flag": 2, "change_message": "[{\"changed\": {\"fields\": [\"Image\"]}}]"}}, {"model": "admin.logentry", "pk": 75, "fields": {"action_time": "2021-02-22T11:59:01.229Z", "user": 1, "content_type": 7, "object_id": "5", "object_repr": "Voirie en Fonte Ductile", "action_flag": 2, "change_message": "[{\"changed\": {\"fields\": [\"Image\"]}}]"}}, {"model": "admin.logentry", "pk": 76, "fields": {"action_time": "2021-02-22T11:59:17.507Z", "user": 1, "content_type": 7, "object_id": "7", "object_repr": "Eau Potable", "action_flag": 2, "change_message": "[{\"changed\": {\"fields\": [\"Image\"]}}]"}}, {"model": "admin.logentry", "pk": 77, "fields": {"action_time": "2021-02-22T11:59:37.029Z", "user": 1, "content_type": 7, "object_id": "6", "object_repr": "Mobilier Urbain", "action_flag": 2, "change_message": "[{\"changed\": {\"fields\": [\"Image\"]}}]"}}, {"model": "admin.logentry", "pk": 78, "fields": {"action_time": "2021-02-23T23:19:11.048Z", "user": 1, "content_type": 8, "object_id": "7", "object_repr": "Regard carré B125", "action_flag": 2, "change_message": "[{\"changed\": {\"fields\": [\"Description\"]}}]"}}, {"model": "admin.logentry", "pk": 79, "fields": {"action_time": "2021-02-25T16:01:39.765Z", "user": 2, "content_type": 13, "object_id": "1", "object_repr": "Type A", "action_flag": 1, "change_message": "[{\"added\": {}}]"}}, {"model": "admin.logentry", "pk": 80, "fields": {"action_time": "2021-02-25T16:02:01.645Z", "user": 2, "content_type": 13, "object_id": "2", "object_repr": "Type B", "action_flag": 1, "change_message": "[{\"added\": {}}]"}}, {"model": "admin.logentry", "pk": 81, "fields": {"action_time": "2021-02-25T16:02:16.124Z", "user": 2, "content_type": 13, "object_id": "3", "object_repr": "Type F", "action_flag": 1, "change_message": "[{\"added\": {}}]"}}, {"model": "admin.logentry", "pk": 82, "fields": {"action_time": "2021-02-25T16:02:26.876Z", "user": 2, "content_type": 13, "object_id": "4", "object_repr": "Type J", "action_flag": 1, "change_message": "[{\"added\": {}}]"}}, {"model": "admin.logentry", "pk": 83, "fields": {"action_time": "2021-02-25T16:02:44.389Z", "user": 2, "content_type": 13, "object_id": "5", "object_repr": "Type K", "action_flag": 1, "change_message": "[{\"added\": {}}]"}}, {"model": "admin.logentry", "pk": 84, "fields": {"action_time": "2021-02-25T16:02:57.825Z", "user": 2, "content_type": 13, "object_id": "6", "object_repr": "Type L", "action_flag": 1, "change_message": "[{\"added\": {}}]"}}, {"model": "admin.logentry", "pk": 85, "fields": {"action_time": "2021-02-25T16:03:14.432Z", "user": 2, "content_type": 13, "object_id": "7", "object_repr": "Type E", "action_flag": 1, "change_message": "[{\"added\": {}}]"}}, {"model": "admin.logentry", "pk": 86, "fields": {"action_time": "2021-02-25T16:03:24.124Z", "user": 2, "content_type": 13, "object_id": "8", "object_repr": "Type I", "action_flag": 1, "change_message": "[{\"added\": {}}]"}}, {"model": "admin.logentry", "pk": 87, "fields": {"action_time": "2021-02-25T16:04:25.682Z", "user": 2, "content_type": 13, "object_id": "9", "object_repr": "Type P", "action_flag": 1, "change_message": "[{\"added\": {}}]"}}, {"model": "admin.logentry", "pk": 88, "fields": {"action_time": "2021-02-25T16:04:51.719Z", "user": 2, "content_type": 13, "object_id": "10", "object_repr": "Type O", "action_flag": 1, "change_message": "[{\"added\": {}}]"}}, {"model": "admin.logentry", "pk": 89, "fields": {"action_time": "2021-02-25T16:10:31.116Z", "user": 2, "content_type": 13, "object_id": "11", "object_repr": "Type C", "action_flag": 1, "change_message": "[{\"added\": {}}]"}}, {"model": "admin.logentry", "pk": 90, "fields": {"action_time": "2021-02-25T16:12:13.406Z", "user": 2, "content_type": 13, "object_id": "12", "object_repr": "Type H", "action_flag": 1, "change_message": "[{\"added\": {}}]"}}, {"model": "admin.logentry", "pk": 91, "fields": {"action_time": "2021-02-25T16:12:23.544Z", "user": 2, "content_type": 13, "object_id": "13", "object_repr": "Type M", "action_flag": 1, "change_message": "[{\"added\": {}}]"}}, {"model": "admin.logentry", "pk": 92, "fields": {"action_time": "2021-02-25T16:12:33.398Z", "user": 2, "content_type": 13, "object_id": "14", "object_repr": "Type N", "action_flag": 1, "change_message": "[{\"added\": {}}]"}}, {"model": "admin.logentry", "pk": 93, "fields": {"action_time": "2021-02-25T16:13:09.761Z", "user": 2, "content_type": 13, "object_id": "15", "object_repr": "Type D", "action_flag": 1, "change_message": "[{\"added\": {}}]"}}, {"model": "admin.logentry", "pk": 94, "fields": {"action_time": "2021-02-25T16:13:29.855Z", "user": 2, "content_type": 13, "object_id": "16", "object_repr": "Type G", "action_flag": 1, "change_message": "[{\"added\": {}}]"}}, {"model": "admin.logentry", "pk": 95, "fields": {"action_time": "2021-02-26T10:12:30.796Z", "user": 2, "content_type": 14, "object_id": "1", "object_repr": "AttributeBase object (1)", "action_flag": 1, "change_message": "[{\"added\": {}}]"}}, {"model": "admin.logentry", "pk": 96, "fields": {"action_time": "2021-02-26T10:12:38.783Z", "user": 2, "content_type": 14, "object_id": "2", "object_repr": "AttributeBase object (2)", "action_flag": 1, "change_message": "[{\"added\": {}}]"}}, {"model": "admin.logentry", "pk": 97, "fields": {"action_time": "2021-02-26T10:12:42.878Z", "user": 2, "content_type": 14, "object_id": "3", "object_repr": "AttributeBase object (3)", "action_flag": 1, "change_message": "[{\"added\": {}}]"}}, {"model": "admin.logentry", "pk": 98, "fields": {"action_time": "2021-02-26T10:12:50.286Z", "user": 2, "content_type": 14, "object_id": "4", "object_repr": "AttributeBase object (4)", "action_flag": 1, "change_message": "[{\"added\": {}}]"}}, {"model": "admin.logentry", "pk": 99, "fields": {"action_time": "2021-02-26T10:12:53.751Z", "user": 2, "content_type": 14, "object_id": "5", "object_repr": "AttributeBase object (5)", "action_flag": 1, "change_message": "[{\"added\": {}}]"}}, {"model": "admin.logentry", "pk": 100, "fields": {"action_time": "2021-02-26T10:13:04.167Z", "user": 2, "content_type": 14, "object_id": "6", "object_repr": "AttributeBase object (6)", "action_flag": 1, "change_message": "[{\"added\": {}}]"}}, {"model": "admin.logentry", "pk": 101, "fields": {"action_time": "2021-02-26T10:13:50.161Z", "user": 2, "content_type": 14, "object_id": "7", "object_repr": "AttributeBase object (7)", "action_flag": 1, "change_message": "[{\"added\": {}}]"}}, {"model": "admin.logentry", "pk": 102, "fields": {"action_time": "2021-02-26T10:13:54.296Z", "user": 2, "content_type": 14, "object_id": "8", "object_repr": "AttributeBase object (8)", "action_flag": 1, "change_message": "[{\"added\": {}}]"}}, {"model": "admin.logentry", "pk": 103, "fields": {"action_time": "2021-02-26T10:42:41.840Z", "user": 2, "content_type": 16, "object_id": "1", "object_repr": "ProductAttribute object (1)", "action_flag": 1, "change_message": "[{\"added\": {}}]"}}, {"model": "admin.logentry", "pk": 104, "fields": {"action_time": "2021-02-26T10:43:04.897Z", "user": 2, "content_type": 16, "object_id": "2", "object_repr": "ProductAttribute object (2)", "action_flag": 1, "change_message": "[{\"added\": {}}]"}}, {"model": "admin.logentry", "pk": 105, "fields": {"action_time": "2021-02-26T10:43:19.501Z", "user": 2, "content_type": 16, "object_id": "3", "object_repr": "ProductAttribute object (3)", "action_flag": 1, "change_message": "[{\"added\": {}}]"}}, {"model": "admin.logentry", "pk": 106, "fields": {"action_time": "2021-02-26T10:43:37.640Z", "user": 2, "content_type": 16, "object_id": "4", "object_repr": "ProductAttribute object (4)", "action_flag": 1, "change_message": "[{\"added\": {}}]"}}, {"model": "admin.logentry", "pk": 107, "fields": {"action_time": "2021-02-26T10:50:18.063Z", "user": 2, "content_type": 16, "object_id": "5", "object_repr": "ProductAttribute object (5)", "action_flag": 1, "change_message": "[{\"added\": {}}]"}}, {"model": "admin.logentry", "pk": 108, "fields": {"action_time": "2021-02-26T10:50:46.210Z", "user": 2, "content_type": 16, "object_id": "6", "object_repr": "ProductAttribute object (6)", "action_flag": 1, "change_message": "[{\"added\": {}}]"}}, {"model": "admin.logentry", "pk": 109, "fields": {"action_time": "2021-02-26T10:50:57.882Z", "user": 2, "content_type": 16, "object_id": "7", "object_repr": "ProductAttribute object (7)", "action_flag": 1, "change_message": "[{\"added\": {}}]"}}, {"model": "admin.logentry", "pk": 110, "fields": {"action_time": "2021-02-26T10:51:20.489Z", "user": 2, "content_type": 16, "object_id": "8", "object_repr": "ProductAttribute object (8)", "action_flag": 1, "change_message": "[{\"added\": {}}]"}}, {"model": "admin.logentry", "pk": 111, "fields": {"action_time": "2021-02-26T10:51:36.919Z", "user": 2, "content_type": 16, "object_id": "9", "object_repr": "ProductAttribute object (9)", "action_flag": 1, "change_message": "[{\"added\": {}}]"}}, {"model": "admin.logentry", "pk": 112, "fields": {"action_time": "2021-02-26T10:51:51.564Z", "user": 2, "content_type": 16, "object_id": "10", "object_repr": "ProductAttribute object (10)", "action_flag": 1, "change_message": "[{\"added\": {}}]"}}, {"model": "admin.logentry", "pk": 113, "fields": {"action_time": "2021-02-26T10:52:03.666Z", "user": 2, "content_type": 16, "object_id": "11", "object_repr": "ProductAttribute object (11)", "action_flag": 1, "change_message": "[{\"added\": {}}]"}}, {"model": "admin.logentry", "pk": 114, "fields": {"action_time": "2021-02-26T10:52:20.445Z", "user": 2, "content_type": 16, "object_id": "12", "object_repr": "ProductAttribute object (12)", "action_flag": 1, "change_message": "[{\"added\": {}}]"}}, {"model": "admin.logentry", "pk": 115, "fields": {"action_time": "2021-02-26T10:52:36.899Z", "user": 2, "content_type": 16, "object_id": "13", "object_repr": "ProductAttribute object (13)", "action_flag": 1, "change_message": "[{\"added\": {}}]"}}, {"model": "admin.logentry", "pk": 116, "fields": {"action_time": "2021-02-26T10:52:51.327Z", "user": 2, "content_type": 16, "object_id": "14", "object_repr": "ProductAttribute object (14)", "action_flag": 1, "change_message": "[{\"added\": {}}]"}}, {"model": "admin.logentry", "pk": 117, "fields": {"action_time": "2021-02-26T10:53:09.377Z", "user": 2, "content_type": 16, "object_id": "15", "object_repr": "ProductAttribute object (15)", "action_flag": 1, "change_message": "[{\"added\": {}}]"}}, {"model": "admin.logentry", "pk": 118, "fields": {"action_time": "2021-02-26T10:53:56.909Z", "user": 2, "content_type": 16, "object_id": "16", "object_repr": "ProductAttribute object (16)", "action_flag": 1, "change_message": "[{\"added\": {}}]"}}, {"model": "admin.logentry", "pk": 119, "fields": {"action_time": "2021-02-26T10:54:09.905Z", "user": 2, "content_type": 16, "object_id": "17", "object_repr": "ProductAttribute object (17)", "action_flag": 1, "change_message": "[{\"added\": {}}]"}}, {"model": "admin.logentry", "pk": 120, "fields": {"action_time": "2021-02-26T10:54:22.537Z", "user": 2, "content_type": 16, "object_id": "18", "object_repr": "ProductAttribute object (18)", "action_flag": 1, "change_message": "[{\"added\": {}}]"}}, {"model": "admin.logentry", "pk": 121, "fields": {"action_time": "2021-02-26T10:54:34.037Z", "user": 2, "content_type": 16, "object_id": "19", "object_repr": "ProductAttribute object (19)", "action_flag": 1, "change_message": "[{\"added\": {}}]"}}, {"model": "admin.logentry", "pk": 122, "fields": {"action_time": "2021-02-26T10:54:45.991Z", "user": 2, "content_type": 16, "object_id": "20", "object_repr": "ProductAttribute object (20)", "action_flag": 1, "change_message": "[{\"added\": {}}]"}}, {"model": "admin.logentry", "pk": 123, "fields": {"action_time": "2021-02-26T10:54:54.833Z", "user": 2, "content_type": 16, "object_id": "21", "object_repr": "ProductAttribute object (21)", "action_flag": 1, "change_message": "[{\"added\": {}}]"}}, {"model": "admin.logentry", "pk": 124, "fields": {"action_time": "2021-02-26T10:55:09.385Z", "user": 2, "content_type": 16, "object_id": "22", "object_repr": "ProductAttribute object (22)", "action_flag": 1, "change_message": "[{\"added\": {}}]"}}, {"model": "admin.logentry", "pk": 125, "fields": {"action_time": "2021-02-26T10:55:22.257Z", "user": 2, "content_type": 16, "object_id": "23", "object_repr": "ProductAttribute object (23)", "action_flag": 1, "change_message": "[{\"added\": {}}]"}}, {"model": "admin.logentry", "pk": 126, "fields": {"action_time": "2021-02-26T10:55:33.140Z", "user": 2, "content_type": 16, "object_id": "24", "object_repr": "ProductAttribute object (24)", "action_flag": 1, "change_message": "[{\"added\": {}}]"}}, {"model": "admin.logentry", "pk": 127, "fields": {"action_time": "2021-02-26T10:55:42.994Z", "user": 2, "content_type": 16, "object_id": "25", "object_repr": "ProductAttribute object (25)", "action_flag": 1, "change_message": "[{\"added\": {}}]"}}, {"model": "admin.logentry", "pk": 128, "fields": {"action_time": "2021-02-26T10:55:59.648Z", "user": 2, "content_type": 16, "object_id": "26", "object_repr": "ProductAttribute object (26)", "action_flag": 1, "change_message": "[{\"added\": {}}]"}}, {"model": "admin.logentry", "pk": 129, "fields": {"action_time": "2021-02-26T10:56:11.894Z", "user": 2, "content_type": 16, "object_id": "27", "object_repr": "ProductAttribute object (27)", "action_flag": 1, "change_message": "[{\"added\": {}}]"}}, {"model": "admin.logentry", "pk": 130, "fields": {"action_time": "2021-02-26T10:56:21.325Z", "user": 2, "content_type": 16, "object_id": "28", "object_repr": "ProductAttribute object (28)", "action_flag": 1, "change_message": "[{\"added\": {}}]"}}, {"model": "admin.logentry", "pk": 131, "fields": {"action_time": "2021-02-26T10:56:31.597Z", "user": 2, "content_type": 16, "object_id": "29", "object_repr": "ProductAttribute object (29)", "action_flag": 1, "change_message": "[{\"added\": {}}]"}}, {"model": "admin.logentry", "pk": 132, "fields": {"action_time": "2021-02-26T10:56:42.809Z", "user": 2, "content_type": 16, "object_id": "30", "object_repr": "ProductAttribute object (30)", "action_flag": 1, "change_message": "[{\"added\": {}}]"}}, {"model": "admin.logentry", "pk": 133, "fields": {"action_time": "2021-02-26T10:56:51.815Z", "user": 2, "content_type": 16, "object_id": "31", "object_repr": "ProductAttribute object (31)", "action_flag": 1, "change_message": "[{\"added\": {}}]"}}, {"model": "admin.logentry", "pk": 134, "fields": {"action_time": "2021-02-26T10:57:11.996Z", "user": 2, "content_type": 16, "object_id": "32", "object_repr": "ProductAttribute object (32)", "action_flag": 1, "change_message": "[{\"added\": {}}]"}}, {"model": "admin.logentry", "pk": 135, "fields": {"action_time": "2021-02-26T10:57:24.401Z", "user": 2, "content_type": 16, "object_id": "33", "object_repr": "ProductAttribute object (33)", "action_flag": 1, "change_message": "[{\"added\": {}}]"}}, {"model": "admin.logentry", "pk": 136, "fields": {"action_time": "2021-02-26T11:08:07.058Z", "user": 2, "content_type": 16, "object_id": "34", "object_repr": "ProductAttribute object (34)", "action_flag": 1, "change_message": "[{\"added\": {}}]"}}, {"model": "admin.logentry", "pk": 137, "fields": {"action_time": "2021-02-26T11:08:30.762Z", "user": 2, "content_type": 16, "object_id": "35", "object_repr": "ProductAttribute object (35)", "action_flag": 1, "change_message": "[{\"added\": {}}]"}}, {"model": "admin.logentry", "pk": 138, "fields": {"action_time": "2021-02-26T11:11:28.006Z", "user": 2, "content_type": 16, "object_id": "36", "object_repr": "ProductAttribute object (36)", "action_flag": 1, "change_message": "[{\"added\": {}}]"}}, {"model": "admin.logentry", "pk": 139, "fields": {"action_time": "2021-02-26T11:11:40.818Z", "user": 2, "content_type": 16, "object_id": "37", "object_repr": "ProductAttribute object (37)", "action_flag": 1, "change_message": "[{\"added\": {}}]"}}, {"model": "admin.logentry", "pk": 140, "fields": {"action_time": "2021-02-26T11:11:52.023Z", "user": 2, "content_type": 16, "object_id": "38", "object_repr": "ProductAttribute object (38)", "action_flag": 1, "change_message": "[{\"added\": {}}]"}}, {"model": "admin.logentry", "pk": 141, "fields": {"action_time": "2021-02-26T11:12:05.752Z", "user": 2, "content_type": 16, "object_id": "39", "object_repr": "ProductAttribute object (39)", "action_flag": 1, "change_message": "[{\"added\": {}}]"}}, {"model": "admin.logentry", "pk": 142, "fields": {"action_time": "2021-02-26T11:12:17.502Z", "user": 2, "content_type": 16, "object_id": "40", "object_repr": "ProductAttribute object (40)", "action_flag": 1, "change_message": "[{\"added\": {}}]"}}, {"model": "admin.logentry", "pk": 143, "fields": {"action_time": "2021-02-26T11:12:32.594Z", "user": 2, "content_type": 16, "object_id": "41", "object_repr": "ProductAttribute object (41)", "action_flag": 1, "change_message": "[{\"added\": {}}]"}}, {"model": "admin.logentry", "pk": 144, "fields": {"action_time": "2021-02-26T11:12:49.853Z", "user": 2, "content_type": 16, "object_id": "42", "object_repr": "ProductAttribute object (42)", "action_flag": 1, "change_message": "[{\"added\": {}}]"}}, {"model": "admin.logentry", "pk": 145, "fields": {"action_time": "2021-02-26T11:13:03.645Z", "user": 2, "content_type": 16, "object_id": "43", "object_repr": "ProductAttribute object (43)", "action_flag": 1, "change_message": "[{\"added\": {}}]"}}, {"model": "admin.logentry", "pk": 146, "fields": {"action_time": "2021-02-26T11:13:16.158Z", "user": 2, "content_type": 16, "object_id": "44", "object_repr": "ProductAttribute object (44)", "action_flag": 1, "change_message": "[{\"added\": {}}]"}}, {"model": "admin.logentry", "pk": 147, "fields": {"action_time": "2021-02-26T11:13:29.536Z", "user": 2, "content_type": 16, "object_id": "45", "object_repr": "ProductAttribute object (45)", "action_flag": 1, "change_message": "[{\"added\": {}}]"}}, {"model": "admin.logentry", "pk": 148, "fields": {"action_time": "2021-02-26T11:13:40.262Z", "user": 2, "content_type": 16, "object_id": "46", "object_repr": "ProductAttribute object (46)", "action_flag": 1, "change_message": "[{\"added\": {}}]"}}, {"model": "admin.logentry", "pk": 149, "fields": {"action_time": "2021-02-26T11:13:52.348Z", "user": 2, "content_type": 16, "object_id": "47", "object_repr": "ProductAttribute object (47)", "action_flag": 1, "change_message": "[{\"added\": {}}]"}}, {"model": "admin.logentry", "pk": 150, "fields": {"action_time": "2021-02-26T11:14:25.346Z", "user": 2, "content_type": 16, "object_id": "48", "object_repr": "ProductAttribute object (48)", "action_flag": 1, "change_message": "[{\"added\": {}}]"}}, {"model": "admin.logentry", "pk": 151, "fields": {"action_time": "2021-02-26T11:14:36.777Z", "user": 2, "content_type": 16, "object_id": "49", "object_repr": "ProductAttribute object (49)", "action_flag": 1, "change_message": "[{\"added\": {}}]"}}, {"model": "admin.logentry", "pk": 152, "fields": {"action_time": "2021-02-26T11:14:49.867Z", "user": 2, "content_type": 16, "object_id": "50", "object_repr": "ProductAttribute object (50)", "action_flag": 1, "change_message": "[{\"added\": {}}]"}}, {"model": "admin.logentry", "pk": 153, "fields": {"action_time": "2021-02-26T11:15:06.769Z", "user": 2, "content_type": 16, "object_id": "51", "object_repr": "ProductAttribute object (51)", "action_flag": 1, "change_message": "[{\"added\": {}}]"}}, {"model": "admin.logentry", "pk": 154, "fields": {"action_time": "2021-02-26T11:15:17.965Z", "user": 2, "content_type": 16, "object_id": "52", "object_repr": "ProductAttribute object (52)", "action_flag": 1, "change_message": "[{\"added\": {}}]"}}, {"model": "admin.logentry", "pk": 155, "fields": {"action_time": "2021-02-26T11:15:41.859Z", "user": 2, "content_type": 16, "object_id": "53", "object_repr": "ProductAttribute object (53)", "action_flag": 1, "change_message": "[{\"added\": {}}]"}}, {"model": "admin.logentry", "pk": 156, "fields": {"action_time": "2021-02-26T11:15:58.504Z", "user": 2, "content_type": 16, "object_id": "54", "object_repr": "ProductAttribute object (54)", "action_flag": 1, "change_message": "[{\"added\": {}}]"}}, {"model": "admin.logentry", "pk": 157, "fields": {"action_time": "2021-02-26T11:16:10.338Z", "user": 2, "content_type": 16, "object_id": "55", "object_repr": "ProductAttribute object (55)", "action_flag": 1, "change_message": "[{\"added\": {}}]"}}, {"model": "admin.logentry", "pk": 158, "fields": {"action_time": "2021-02-26T11:16:24.835Z", "user": 2, "content_type": 16, "object_id": "56", "object_repr": "ProductAttribute object (56)", "action_flag": 1, "change_message": "[{\"added\": {}}]"}}, {"model": "admin.logentry", "pk": 159, "fields": {"action_time": "2021-02-26T11:16:37.371Z", "user": 2, "content_type": 16, "object_id": "57", "object_repr": "ProductAttribute object (57)", "action_flag": 1, "change_message": "[{\"added\": {}}]"}}, {"model": "admin.logentry", "pk": 160, "fields": {"action_time": "2021-02-26T11:16:50.333Z", "user": 2, "content_type": 16, "object_id": "58", "object_repr": "ProductAttribute object (58)", "action_flag": 1, "change_message": "[{\"added\": {}}]"}}, {"model": "admin.logentry", "pk": 161, "fields": {"action_time": "2021-02-26T11:17:02.780Z", "user": 2, "content_type": 16, "object_id": "59", "object_repr": "ProductAttribute object (59)", "action_flag": 1, "change_message": "[{\"added\": {}}]"}}, {"model": "admin.logentry", "pk": 162, "fields": {"action_time": "2021-02-26T11:17:17.365Z", "user": 2, "content_type": 16, "object_id": "60", "object_repr": "ProductAttribute object (60)", "action_flag": 1, "change_message": "[{\"added\": {}}]"}}, {"model": "admin.logentry", "pk": 163, "fields": {"action_time": "2021-02-26T11:17:32.914Z", "user": 2, "content_type": 16, "object_id": "61", "object_repr": "ProductAttribute object (61)", "action_flag": 1, "change_message": "[{\"added\": {}}]"}}, {"model": "admin.logentry", "pk": 164, "fields": {"action_time": "2021-02-26T11:17:45.974Z", "user": 2, "content_type": 16, "object_id": "62", "object_repr": "ProductAttribute object (62)", "action_flag": 1, "change_message": "[{\"added\": {}}]"}}, {"model": "admin.logentry", "pk": 165, "fields": {"action_time": "2021-02-26T11:18:05.506Z", "user": 2, "content_type": 16, "object_id": "63", "object_repr": "ProductAttribute object (63)", "action_flag": 1, "change_message": "[{\"added\": {}}]"}}, {"model": "admin.logentry", "pk": 166, "fields": {"action_time": "2021-02-26T11:18:26.934Z", "user": 2, "content_type": 16, "object_id": "64", "object_repr": "ProductAttribute object (64)", "action_flag": 1, "change_message": "[{\"added\": {}}]"}}, {"model": "admin.logentry", "pk": 167, "fields": {"action_time": "2021-02-26T11:18:48.116Z", "user": 2, "content_type": 16, "object_id": "65", "object_repr": "ProductAttribute object (65)", "action_flag": 1, "change_message": "[{\"added\": {}}]"}}, {"model": "admin.logentry", "pk": 168, "fields": {"action_time": "2021-02-26T11:19:07.343Z", "user": 2, "content_type": 16, "object_id": "66", "object_repr": "ProductAttribute object (66)", "action_flag": 1, "change_message": "[{\"added\": {}}]"}}, {"model": "admin.logentry", "pk": 169, "fields": {"action_time": "2021-02-26T11:19:27.715Z", "user": 2, "content_type": 16, "object_id": "67", "object_repr": "ProductAttribute object (67)", "action_flag": 1, "change_message": "[{\"added\": {}}]"}}, {"model": "admin.logentry", "pk": 170, "fields": {"action_time": "2021-02-26T11:19:38.707Z", "user": 2, "content_type": 16, "object_id": "68", "object_repr": "ProductAttribute object (68)", "action_flag": 1, "change_message": "[{\"added\": {}}]"}}, {"model": "admin.logentry", "pk": 171, "fields": {"action_time": "2021-02-26T11:19:52.270Z", "user": 2, "content_type": 16, "object_id": "69", "object_repr": "ProductAttribute object (69)", "action_flag": 1, "change_message": "[{\"added\": {}}]"}}, {"model": "admin.logentry", "pk": 172, "fields": {"action_time": "2021-02-27T10:49:03.728Z", "user": 2, "content_type": 8, "object_id": "4", "object_repr": "Regard de visite D400", "action_flag": 2, "change_message": "[{\"changed\": {\"fields\": [\"Description\"]}}]"}}, {"model": "admin.logentry", "pk": 173, "fields": {"action_time": "2021-02-27T10:51:21.141Z", "user": 2, "content_type": 8, "object_id": "4", "object_repr": "Regard de visite D400", "action_flag": 2, "change_message": "[{\"changed\": {\"fields\": [\"Description\"]}}]"}}, {"model": "admin.logentry", "pk": 174, "fields": {"action_time": "2021-02-27T10:57:50.623Z", "user": 2, "content_type": 8, "object_id": "4", "object_repr": "Regard de visite D400", "action_flag": 2, "change_message": "[{\"changed\": {\"fields\": [\"Description\"]}}]"}}, {"model": "admin.logentry", "pk": 175, "fields": {"action_time": "2021-02-27T11:13:55.312Z", "user": 2, "content_type": 8, "object_id": "4", "object_repr": "Regard de visite D400", "action_flag": 2, "change_message": "[{\"changed\": {\"fields\": [\"PDF\"]}}]"}}, {"model": "admin.logentry", "pk": 176, "fields": {"action_time": "2021-02-27T21:26:50.182Z", "user": 2, "content_type": 8, "object_id": "10", "object_repr": "Grille B125 avec cadre", "action_flag": 2, "change_message": "[{\"changed\": {\"fields\": [\"Description\"]}}]"}}, {"model": "admin.logentry", "pk": 177, "fields": {"action_time": "2021-02-27T21:28:27.518Z", "user": 2, "content_type": 8, "object_id": "10", "object_repr": "Grille B125 avec cadre", "action_flag": 2, "change_message": "[{\"changed\": {\"fields\": [\"Description\"]}}]"}}, {"model": "admin.logentry", "pk": 178, "fields": {"action_time": "2021-02-27T21:29:59.558Z", "user": 2, "content_type": 8, "object_id": "10", "object_repr": "Grille B125 avec cadre", "action_flag": 2, "change_message": "[{\"changed\": {\"fields\": [\"Description\"]}}]"}}, {"model": "admin.logentry", "pk": 179, "fields": {"action_time": "2021-03-01T10:43:32.837Z", "user": 2, "content_type": 8, "object_id": "10", "object_repr": "Grille B125 avec cadre", "action_flag": 2, "change_message": "[{\"changed\": {\"fields\": [\"PDF\"]}}]"}}, {"model": "admin.logentry", "pk": 180, "fields": {"action_time": "2021-03-02T11:31:30.778Z", "user": 2, "content_type": 8, "object_id": "4", "object_repr": "Regard de visite D400", "action_flag": 2, "change_message": "[{\"changed\": {\"fields\": [\"Description\"]}}]"}}, {"model": "admin.logentry", "pk": 181, "fields": {"action_time": "2021-03-02T21:59:15.943Z", "user": 2, "content_type": 10, "object_id": "4", "object_repr": "Order 4", "action_flag": 3, "change_message": ""}}, {"model": "admin.logentry", "pk": 182, "fields": {"action_time": "2021-03-02T21:59:15.947Z", "user": 2, "content_type": 10, "object_id": "3", "object_repr": "Order 3", "action_flag": 3, "change_message": ""}}, {"model": "admin.logentry", "pk": 183, "fields": {"action_time": "2021-03-02T21:59:15.948Z", "user": 2, "content_type": 10, "object_id": "2", "object_repr": "Order 2", "action_flag": 3, "change_message": ""}}, {"model": "admin.logentry", "pk": 184, "fields": {"action_time": "2021-03-02T21:59:15.950Z", "user": 2, "content_type": 10, "object_id": "1", "object_repr": "Order 1", "action_flag": 3, "change_message": ""}}, {"model": "admin.logentry", "pk": 185, "fields": {"action_time": "2021-03-02T22:01:47.287Z", "user": 2, "content_type": 10, "object_id": "5", "object_repr": "Order 5", "action_flag": 3, "change_message": ""}}, {"model": "admin.logentry", "pk": 186, "fields": {"action_time": "2021-03-02T22:55:15.356Z", "user": 2, "content_type": 10, "object_id": "2", "object_repr": "Order 2", "action_flag": 2, "change_message": "[{\"changed\": {\"fields\": [\"Coupon\"]}}]"}}, {"model": "admin.logentry", "pk": 187, "fields": {"action_time": "2021-03-02T22:55:32.590Z", "user": 2, "content_type": 10, "object_id": "2", "object_repr": "Order 2", "action_flag": 2, "change_message": "[{\"changed\": {\"fields\": [\"Discount\"]}}]"}}, {"model": "admin.logentry", "pk": 188, "fields": {"action_time": "2021-03-03T11:40:53.849Z", "user": 2, "content_type": 7, "object_id": "8", "object_repr": "test category", "action_flag": 3, "change_message": ""}}, {"model": "admin.logentry", "pk": 189, "fields": {"action_time": "2021-03-03T11:41:10.665Z", "user": 2, "content_type": 7, "object_id": "9", "object_repr": "Raccords", "action_flag": 1, "change_message": "[{\"added\": {}}]"}}, {"model": "admin.logentry", "pk": 190, "fields": {"action_time": "2021-03-03T11:41:29.640Z", "user": 2, "content_type": 7, "object_id": "10", "object_repr": "Branchement", "action_flag": 1, "change_message": "[{\"added\": {}}]"}}, {"model": "admin.logentry", "pk": 191, "fields": {"action_time": "2021-03-03T11:41:40.826Z", "user": 2, "content_type": 7, "object_id": "11", "object_repr": "Robinetterie", "action_flag": 1, "change_message": "[{\"added\": {}}]"}}, {"model": "admin.logentry", "pk": 192, "fields": {"action_time": "2021-03-03T11:41:50.951Z", "user": 2, "content_type": 7, "object_id": "12", "object_repr": "Incendie", "action_flag": 1, "change_message": "[{\"added\": {}}]"}}, {"model": "admin.logentry", "pk": 193, "fields": {"action_time": "2021-03-03T11:49:34.914Z", "user": 2, "content_type": 8, "object_id": "16", "object_repr": "Coudes à 2 emboitements", "action_flag": 1, "change_message": "[{\"added\": {}}]"}}, {"model": "admin.logentry", "pk": 194, "fields": {"action_time": "2021-03-03T13:37:18.800Z", "user": 2, "content_type": 14, "object_id": "9", "object_repr": "Classe", "action_flag": 1, "change_message": "[{\"added\": {}}]"}}, {"model": "admin.logentry", "pk": 195, "fields": {"action_time": "2021-03-03T13:37:34.714Z", "user": 2, "content_type": 16, "object_id": "70", "object_repr": "ProductAttribute object (70)", "action_flag": 1, "change_message": "[{\"added\": {}}]"}}, {"model": "admin.logentry", "pk": 196, "fields": {"action_time": "2021-03-05T10:44:31.417Z", "user": 2, "content_type": 8, "object_id": "11", "object_repr": "Appareil syphoïde avec ou sans cadre", "action_flag": 2, "change_message": "[{\"changed\": {\"fields\": [\"Description\"]}}]"}}, {"model": "admin.logentry", "pk": 197, "fields": {"action_time": "2021-03-05T10:51:07.245Z", "user": 2, "content_type": 8, "object_id": "12", "object_repr": "Tampon avaloir carré C250 avec cadre et fourche", "action_flag": 2, "change_message": "[{\"changed\": {\"fields\": [\"Description\", \"PDF\"]}}]"}}, {"model": "admin.logentry", "pk": 198, "fields": {"action_time": "2021-03-05T10:51:18.435Z", "user": 2, "content_type": 8, "object_id": "11", "object_repr": "Appareil syphoïde avec ou sans cadre", "action_flag": 2, "change_message": "[{\"changed\": {\"fields\": [\"PDF\"]}}]"}}, {"model": "admin.logentry", "pk": 199, "fields": {"action_time": "2021-03-05T10:52:01.334Z", "user": 2, "content_type": 8, "object_id": "12", "object_repr": "Tampon avaloir carré C250 avec cadre et fourche", "action_flag": 2, "change_message": "[{\"changed\": {\"fields\": [\"Description\"]}}]"}}, {"model": "admin.logentry", "pk": 200, "fields": {"action_time": "2021-03-05T10:55:07.105Z", "user": 2, "content_type": 8, "object_id": "6", "object_repr": "Regard carré C250", "action_flag": 2, "change_message": "[{\"changed\": {\"fields\": [\"Description\"]}}]"}}, {"model": "admin.logentry", "pk": 201, "fields": {"action_time": "2021-03-05T11:00:53.985Z", "user": 2, "content_type": 8, "object_id": "5", "object_repr": "Regard de visite C250", "action_flag": 2, "change_message": "[{\"changed\": {\"fields\": [\"Description\", \"PDF\"]}}]"}}, {"model": "admin.logentry", "pk": 202, "fields": {"action_time": "2021-03-05T11:25:40.989Z", "user": 2, "content_type": 8, "object_id": "9", "object_repr": "Grille D400 avec cadre", "action_flag": 2, "change_message": "[{\"changed\": {\"fields\": [\"Description\", \"PDF\"]}}]"}}, {"model": "admin.logentry", "pk": 203, "fields": {"action_time": "2021-03-05T11:40:29.462Z", "user": 2, "content_type": 8, "object_id": "7", "object_repr": "Regard carré B125", "action_flag": 2, "change_message": "[{\"changed\": {\"fields\": [\"Description\"]}}]"}}, {"model": "admin.logentry", "pk": 204, "fields": {"action_time": "2021-03-05T11:46:30.778Z", "user": 2, "content_type": 8, "object_id": "8", "object_repr": "Regard de branchement", "action_flag": 2, "change_message": "[{\"changed\": {\"fields\": [\"Description\"]}}]"}}, {"model": "admin.logentry", "pk": 205, "fields": {"action_time": "2021-03-05T11:47:42.486Z", "user": 2, "content_type": 8, "object_id": "8", "object_repr": "Regard de branchement", "action_flag": 2, "change_message": "[{\"changed\": {\"fields\": [\"Description\"]}}]"}}, {"model": "admin.logentry", "pk": 206, "fields": {"action_time": "2021-03-05T11:53:51.562Z", "user": 2, "content_type": 8, "object_id": "10", "object_repr": "Grille plate de caniveau C250 avec cadre", "action_flag": 2, "change_message": "[{\"changed\": {\"fields\": [\"Name\", \"Slug\", \"Description\"]}}]"}}, {"model": "admin.logentry", "pk": 207, "fields": {"action_time": "2021-03-05T16:14:21.302Z", "user": 2, "content_type": 8, "object_id": "14", "object_repr": "Grille de caniveau sans cadre D400", "action_flag": 2, "change_message": "[{\"changed\": {\"fields\": [\"Description\"]}}]"}}, {"model": "admin.logentry", "pk": 208, "fields": {"action_time": "2021-03-05T16:14:44.150Z", "user": 2, "content_type": 8, "object_id": "14", "object_repr": "Grille de caniveau sans cadre D400", "action_flag": 2, "change_message": "[{\"changed\": {\"fields\": [\"Description\"]}}]"}}, {"model": "admin.logentry", "pk": 209, "fields": {"action_time": "2021-03-05T16:17:41.621Z", "user": 2, "content_type": 8, "object_id": "13", "object_repr": "Grille de caniveau avec cadre D400", "action_flag": 3, "change_message": ""}}, {"model": "admin.logentry", "pk": 210, "fields": {"action_time": "2021-03-05T16:18:36.256Z", "user": 2, "content_type": 8, "object_id": "14", "object_repr": "Grille de caniveau avec ou sans cadre D400", "action_flag": 2, "change_message": "[{\"changed\": {\"fields\": [\"Name\", \"Slug\", \"Description\"]}}]"}}, {"model": "admin.logentry", "pk": 211, "fields": {"action_time": "2021-03-05T16:19:19.001Z", "user": 2, "content_type": 8, "object_id": "14", "object_repr": "Grille de caniveau avec ou sans cadre D400", "action_flag": 2, "change_message": "[{\"changed\": {\"fields\": [\"Description\"]}}]"}}, {"model": "admin.logentry", "pk": 212, "fields": {"action_time": "2021-03-05T16:19:41.321Z", "user": 2, "content_type": 8, "object_id": "14", "object_repr": "Grille de caniveau avec ou sans cadre D400", "action_flag": 2, "change_message": "[{\"changed\": {\"fields\": [\"Description\"]}}]"}}, {"model": "admin.logentry", "pk": 213, "fields": {"action_time": "2021-03-05T16:20:21.745Z", "user": 2, "content_type": 13, "object_id": "17", "object_repr": "Type Q", "action_flag": 1, "change_message": "[{\"added\": {}}]"}}, {"model": "admin.logentry", "pk": 214, "fields": {"action_time": "2021-03-05T16:21:05.942Z", "user": 2, "content_type": 16, "object_id": "71", "object_repr": "ProductAttribute object (71)", "action_flag": 1, "change_message": "[{\"added\": {}}]"}}, {"model": "admin.logentry", "pk": 215, "fields": {"action_time": "2021-03-05T16:21:17.909Z", "user": 2, "content_type": 16, "object_id": "72", "object_repr": "ProductAttribute object (72)", "action_flag": 1, "change_message": "[{\"added\": {}}]"}}, {"model": "admin.logentry", "pk": 216, "fields": {"action_time": "2021-03-05T16:21:30.144Z", "user": 2, "content_type": 16, "object_id": "73", "object_repr": "ProductAttribute object (73)", "action_flag": 1, "change_message": "[{\"added\": {}}]"}}, {"model": "admin.logentry", "pk": 217, "fields": {"action_time": "2021-03-05T16:22:40.614Z", "user": 2, "content_type": 16, "object_id": "74", "object_repr": "ProductAttribute object (74)", "action_flag": 1, "change_message": "[{\"added\": {}}]"}}, {"model": "admin.logentry", "pk": 218, "fields": {"action_time": "2021-03-05T16:24:11.218Z", "user": 2, "content_type": 16, "object_id": "75", "object_repr": "ProductAttribute object (75)", "action_flag": 1, "change_message": "[{\"added\": {}}]"}}, {"model": "admin.logentry", "pk": 219, "fields": {"action_time": "2021-03-05T16:24:31.276Z", "user": 2, "content_type": 16, "object_id": "73", "object_repr": "ProductAttribute object (73)", "action_flag": 2, "change_message": "[]"}}, {"model": "admin.logentry", "pk": 220, "fields": {"action_time": "2021-03-05T16:24:39.769Z", "user": 2, "content_type": 16, "object_id": "76", "object_repr": "ProductAttribute object (76)", "action_flag": 1, "change_message": "[{\"added\": {}}]"}}, {"model": "admin.logentry", "pk": 221, "fields": {"action_time": "2021-03-05T16:28:11.633Z", "user": 2, "content_type": 16, "object_id": "76", "object_repr": "ProductAttribute object (76)", "action_flag": 3, "change_message": ""}}, {"model": "admin.logentry", "pk": 222, "fields": {"action_time": "2021-03-05T16:28:11.635Z", "user": 2, "content_type": 16, "object_id": "73", "object_repr": "ProductAttribute object (73)", "action_flag": 3, "change_message": ""}}, {"model": "admin.logentry", "pk": 223, "fields": {"action_time": "2021-03-05T16:29:19.188Z", "user": 2, "content_type": 16, "object_id": "77", "object_repr": "ProductAttribute object (77)", "action_flag": 1, "change_message": "[{\"added\": {}}]"}}, {"model": "admin.logentry", "pk": 224, "fields": {"action_time": "2021-03-05T16:33:05.224Z", "user": 2, "content_type": 16, "object_id": "78", "object_repr": "ProductAttribute object (78)", "action_flag": 1, "change_message": "[{\"added\": {}}]"}}, {"model": "admin.logentry", "pk": 225, "fields": {"action_time": "2021-03-06T10:33:38.089Z", "user": 2, "content_type": 8, "object_id": "7", "object_repr": "Regard carré B125", "action_flag": 2, "change_message": "[{\"changed\": {\"fields\": [\"Description\"]}}]"}}, {"model": "admin.logentry", "pk": 226, "fields": {"action_time": "2021-03-06T10:34:33.932Z", "user": 2, "content_type": 8, "object_id": "7", "object_repr": "Regard carré B125", "action_flag": 2, "change_message": "[{\"changed\": {\"fields\": [\"Description\"]}}]"}}, {"model": "admin.logentry", "pk": 227, "fields": {"action_time": "2021-03-06T10:41:04.589Z", "user": 2, "content_type": 8, "object_id": "6", "object_repr": "Regard carré C250", "action_flag": 2, "change_message": "[{\"changed\": {\"fields\": [\"Description\"]}}]"}}, {"model": "admin.logentry", "pk": 228, "fields": {"action_time": "2021-03-06T10:41:16.242Z", "user": 2, "content_type": 8, "object_id": "6", "object_repr": "Regard carré C250", "action_flag": 2, "change_message": "[{\"changed\": {\"fields\": [\"Description\"]}}]"}}, {"model": "admin.logentry", "pk": 229, "fields": {"action_time": "2021-03-06T10:41:53.892Z", "user": 2, "content_type": 13, "object_id": "18", "object_repr": "Type R", "action_flag": 1, "change_message": "[{\"added\": {}}]"}}, {"model": "admin.logentry", "pk": 230, "fields": {"action_time": "2021-03-06T22:41:53.988Z", "user": 2, "content_type": 16, "object_id": "79", "object_repr": "ProductAttribute object (79)", "action_flag": 1, "change_message": "[{\"added\": {}}]"}}, {"model": "admin.logentry", "pk": 231, "fields": {"action_time": "2021-03-06T22:42:08.213Z", "user": 2, "content_type": 16, "object_id": "80", "object_repr": "ProductAttribute object (80)", "action_flag": 1, "change_message": "[{\"added\": {}}]"}}, {"model": "admin.logentry", "pk": 232, "fields": {"action_time": "2021-03-06T22:42:20.247Z", "user": 2, "content_type": 16, "object_id": "81", "object_repr": "ProductAttribute object (81)", "action_flag": 1, "change_message": "[{\"added\": {}}]"}}, {"model": "auth.permission", "pk": 1, "fields": {"name": "Can add log entry", "content_type": 1, "codename": "add_logentry"}}, {"model": "auth.permission", "pk": 2, "fields": {"name": "Can change log entry", "content_type": 1, "codename": "change_logentry"}}, {"model": "auth.permission", "pk": 3, "fields": {"name": "Can delete log entry", "content_type": 1, "codename": "delete_logentry"}}, {"model": "auth.permission", "pk": 4, "fields": {"name": "Can view log entry", "content_type": 1, "codename": "view_logentry"}}, {"model": "auth.permission", "pk": 5, "fields": {"name": "Can add permission", "content_type": 2, "codename": "add_permission"}}, {"model": "auth.permission", "pk": 6, "fields": {"name": "Can change permission", "content_type": 2, "codename": "change_permission"}}, {"model": "auth.permission", "pk": 7, "fields": {"name": "Can delete permission", "content_type": 2, "codename": "delete_permission"}}, {"model": "auth.permission", "pk": 8, "fields": {"name": "Can view permission", "content_type": 2, "codename": "view_permission"}}, {"model": "auth.permission", "pk": 9, "fields": {"name": "Can add group", "content_type": 3, "codename": "add_group"}}, {"model": "auth.permission", "pk": 10, "fields": {"name": "Can change group", "content_type": 3, "codename": "change_group"}}, {"model": "auth.permission", "pk": 11, "fields": {"name": "Can delete group", "content_type": 3, "codename": "delete_group"}}, {"model": "auth.permission", "pk": 12, "fields": {"name": "Can view group", "content_type": 3, "codename": "view_group"}}, {"model": "auth.permission", "pk": 13, "fields": {"name": "Can add user", "content_type": 4, "codename": "add_user"}}, {"model": "auth.permission", "pk": 14, "fields": {"name": "Can change user", "content_type": 4, "codename": "change_user"}}, {"model": "auth.permission", "pk": 15, "fields": {"name": "Can delete user", "content_type": 4, "codename": "delete_user"}}, {"model": "auth.permission", "pk": 16, "fields": {"name": "Can view user", "content_type": 4, "codename": "view_user"}}, {"model": "auth.permission", "pk": 17, "fields": {"name": "Can add content type", "content_type": 5, "codename": "add_contenttype"}}, {"model": "auth.permission", "pk": 18, "fields": {"name": "Can change content type", "content_type": 5, "codename": "change_contenttype"}}, {"model": "auth.permission", "pk": 19, "fields": {"name": "Can delete content type", "content_type": 5, "codename": "delete_contenttype"}}, {"model": "auth.permission", "pk": 20, "fields": {"name": "Can view content type", "content_type": 5, "codename": "view_contenttype"}}, {"model": "auth.permission", "pk": 21, "fields": {"name": "Can add session", "content_type": 6, "codename": "add_session"}}, {"model": "auth.permission", "pk": 22, "fields": {"name": "Can change session", "content_type": 6, "codename": "change_session"}}, {"model": "auth.permission", "pk": 23, "fields": {"name": "Can delete session", "content_type": 6, "codename": "delete_session"}}, {"model": "auth.permission", "pk": 24, "fields": {"name": "Can view session", "content_type": 6, "codename": "view_session"}}, {"model": "auth.permission", "pk": 25, "fields": {"name": "Can add category", "content_type": 7, "codename": "add_category"}}, {"model": "auth.permission", "pk": 26, "fields": {"name": "Can change category", "content_type": 7, "codename": "change_category"}}, {"model": "auth.permission", "pk": 27, "fields": {"name": "Can delete category", "content_type": 7, "codename": "delete_category"}}, {"model": "auth.permission", "pk": 28, "fields": {"name": "Can view category", "content_type": 7, "codename": "view_category"}}, {"model": "auth.permission", "pk": 29, "fields": {"name": "Can add product", "content_type": 8, "codename": "add_product"}}, {"model": "auth.permission", "pk": 30, "fields": {"name": "Can change product", "content_type": 8, "codename": "change_product"}}, {"model": "auth.permission", "pk": 31, "fields": {"name": "Can delete product", "content_type": 8, "codename": "delete_product"}}, {"model": "auth.permission", "pk": 32, "fields": {"name": "Can view product", "content_type": 8, "codename": "view_product"}}, {"model": "auth.permission", "pk": 33, "fields": {"name": "Can add order item", "content_type": 9, "codename": "add_orderitem"}}, {"model": "auth.permission", "pk": 34, "fields": {"name": "Can change order item", "content_type": 9, "codename": "change_orderitem"}}, {"model": "auth.permission", "pk": 35, "fields": {"name": "Can delete order item", "content_type": 9, "codename": "delete_orderitem"}}, {"model": "auth.permission", "pk": 36, "fields": {"name": "Can view order item", "content_type": 9, "codename": "view_orderitem"}}, {"model": "auth.permission", "pk": 37, "fields": {"name": "Can add order", "content_type": 10, "codename": "add_order"}}, {"model": "auth.permission", "pk": 38, "fields": {"name": "Can change order", "content_type": 10, "codename": "change_order"}}, {"model": "auth.permission", "pk": 39, "fields": {"name": "Can delete order", "content_type": 10, "codename": "delete_order"}}, {"model": "auth.permission", "pk": 40, "fields": {"name": "Can view order", "content_type": 10, "codename": "view_order"}}, {"model": "auth.permission", "pk": 41, "fields": {"name": "Can add coupon", "content_type": 11, "codename": "add_coupon"}}, {"model": "auth.permission", "pk": 42, "fields": {"name": "Can change coupon", "content_type": 11, "codename": "change_coupon"}}, {"model": "auth.permission", "pk": 43, "fields": {"name": "Can delete coupon", "content_type": 11, "codename": "delete_coupon"}}, {"model": "auth.permission", "pk": 44, "fields": {"name": "Can view coupon", "content_type": 11, "codename": "view_coupon"}}, {"model": "auth.permission", "pk": 45, "fields": {"name": "Can add super category", "content_type": 12, "codename": "add_supercategory"}}, {"model": "auth.permission", "pk": 46, "fields": {"name": "Can change super category", "content_type": 12, "codename": "change_supercategory"}}, {"model": "auth.permission", "pk": 47, "fields": {"name": "Can delete super category", "content_type": 12, "codename": "delete_supercategory"}}, {"model": "auth.permission", "pk": 48, "fields": {"name": "Can view super category", "content_type": 12, "codename": "view_supercategory"}}, {"model": "auth.permission", "pk": 49, "fields": {"name": "Can add product type", "content_type": 13, "codename": "add_producttype"}}, {"model": "auth.permission", "pk": 50, "fields": {"name": "Can change product type", "content_type": 13, "codename": "change_producttype"}}, {"model": "auth.permission", "pk": 51, "fields": {"name": "Can delete product type", "content_type": 13, "codename": "delete_producttype"}}, {"model": "auth.permission", "pk": 52, "fields": {"name": "Can view product type", "content_type": 13, "codename": "view_producttype"}}, {"model": "auth.permission", "pk": 53, "fields": {"name": "Can add attribute base", "content_type": 14, "codename": "add_attributebase"}}, {"model": "auth.permission", "pk": 54, "fields": {"name": "Can change attribute base", "content_type": 14, "codename": "change_attributebase"}}, {"model": "auth.permission", "pk": 55, "fields": {"name": "Can delete attribute base", "content_type": 14, "codename": "delete_attributebase"}}, {"model": "auth.permission", "pk": 56, "fields": {"name": "Can view attribute base", "content_type": 14, "codename": "view_attributebase"}}, {"model": "auth.permission", "pk": 57, "fields": {"name": "Can add attribute", "content_type": 15, "codename": "add_attribute"}}, {"model": "auth.permission", "pk": 58, "fields": {"name": "Can change attribute", "content_type": 15, "codename": "change_attribute"}}, {"model": "auth.permission", "pk": 59, "fields": {"name": "Can delete attribute", "content_type": 15, "codename": "delete_attribute"}}, {"model": "auth.permission", "pk": 60, "fields": {"name": "Can view attribute", "content_type": 15, "codename": "view_attribute"}}, {"model": "auth.permission", "pk": 61, "fields": {"name": "Can add product attribute", "content_type": 16, "codename": "add_productattribute"}}, {"model": "auth.permission", "pk": 62, "fields": {"name": "Can change product attribute", "content_type": 16, "codename": "change_productattribute"}}, {"model": "auth.permission", "pk": 63, "fields": {"name": "Can delete product attribute", "content_type": 16, "codename": "delete_productattribute"}}, {"model": "auth.permission", "pk": 64, "fields": {"name": "Can view product attribute", "content_type": 16, "codename": "view_productattribute"}}, {"model": "auth.user", "pk": 1, "fields": {"password": "pbkdf2_sha256$216000$8MNBuxFN9TZn$0Q83aMpYI4ntHMDCYFgbJ7bba6WRCNTZjWpyfCSkO0w=", "last_login": "2021-03-10T16:34:13.354Z", "is_superuser": true, "username": "sofia", "first_name": "", "last_name": "", "email": "sofia.lazrak@gmail.com", "is_staff": true, "is_active": true, "date_joined": "2021-02-06T21:44:43.548Z", "groups": [], "user_permissions": []}}, {"model": "auth.user", "pk": 2, "fields": {"password": "pbkdf2_sha256$216000$9Aq6JLegh6Bb$4bUZl9CwTDdnEmK/VHWv/SLgZXA6R0VWEnRZHounqo4=", "last_login": "2021-03-02T22:53:59.139Z", "is_superuser": true, "username": "admin", "first_name": "", "last_name": "", "email": "", "is_staff": true, "is_active": true, "date_joined": "2021-02-25T16:00:06.259Z", "groups": [], "user_permissions": []}}, {"model": "contenttypes.contenttype", "pk": 1, "fields": {"app_label": "admin", "model": "logentry"}}, {"model": "contenttypes.contenttype", "pk": 2, "fields": {"app_label": "auth", "model": "permission"}}, {"model": "contenttypes.contenttype", "pk": 3, "fields": {"app_label": "auth", "model": "group"}}, {"model": "contenttypes.contenttype", "pk": 4, "fields": {"app_label": "auth", "model": "user"}}, {"model": "contenttypes.contenttype", "pk": 5, "fields": {"app_label": "contenttypes", "model": "contenttype"}}, {"model": "contenttypes.contenttype", "pk": 6, "fields": {"app_label": "sessions", "model": "session"}}, {"model": "contenttypes.contenttype", "pk": 7, "fields": {"app_label": "shop", "model": "category"}}, {"model": "contenttypes.contenttype", "pk": 8, "fields": {"app_label": "shop", "model": "product"}}, {"model": "contenttypes.contenttype", "pk": 9, "fields": {"app_label": "orders", "model": "orderitem"}}, {"model": "contenttypes.contenttype", "pk": 10, "fields": {"app_label": "orders", "model": "order"}}, {"model": "contenttypes.contenttype", "pk": 11, "fields": {"app_label": "coupons", "model": "coupon"}}, {"model": "contenttypes.contenttype", "pk": 12, "fields": {"app_label": "shop", "model": "supercategory"}}, {"model": "contenttypes.contenttype", "pk": 13, "fields": {"app_label": "shop", "model": "producttype"}}, {"model": "contenttypes.contenttype", "pk": 14, "fields": {"app_label": "shop", "model": "attributebase"}}, {"model": "contenttypes.contenttype", "pk": 15, "fields": {"app_label": "shop", "model": "attribute"}}, {"model": "contenttypes.contenttype", "pk": 16, "fields": {"app_label": "shop", "model": "productattribute"}}, {"model": "sessions.session", "pk": "0wq27x7cvelc31k6z3fr143xuj57xx3a", "fields": {"session_data": "eyJjYXJ0Ijp7IjIiOnsicXVhbnRpdHkiOjEsInByaWNlIjoiMTAwMC4wMCJ9fX0:1lIgYA:tdJbWmSdPY2HCcsyZFxsT1ebPRyqfvQY-VtsYRQrd44", "expire_date": "2021-03-20T23:41:34.208Z"}}, {"model": "sessions.session", "pk": "28k0568ztwyrha1m9ma4w9d1d5m9ioin", "fields": {"session_data": ".eJxVjDEOgzAMRe_iuYpiQmjM2L1nQI6dFNoKJAIT4u4tEgvrf-_9DYTnBdptv0HH69J3a0lzNyi0gHDZIssnjQfQN4-vycg0LvMQzaGYkxbznDR9H6d7Oei59P_aIStGRMpZsiV1wdYWvXDwOYoihgZjg0wV-zsppYqcVUdc1TGIT7D_ACmdOxE:1lK1n8:4_TuyBUxx3hP9l2TEccxuV42Ktv-sKU_hNf4jN5_MFQ", "expire_date": "2021-03-24T16:34:34.764Z"}}, {"model": "sessions.session", "pk": "3crvw8emyan6ubcjh1tqbabxgvm8o0qw", "fields": {"session_data": ".eJx10EuOgzAMBuC7eI0iOxBKWHY_Z0DOg4G2SloIi1HVuxcqpgMjdeOF_cn67TtYHhLUd5BLuU0cUp9-oKYMrkNvPdQgUSDCIwP6SPI3-Wek_kOE-MsOe1VskHojwr0qN5E2Sn1MRSualY3TNYamd3OkDBqeUtdMox9enfmwXc-wPfuwDNyJw3cUNoY09EYsRKzTUXxF5y_H1e4WdDx2y1eIHRki3ba2Re3yCgskZblSrbGOqCrJlMRasjpop73UObpcsyxMZZWHxxMM0H1k:1lEy6a:FQbJEd9cmTkK1cx4PPDmDMlcJyNEt1b_srovyMSlUgY", "expire_date": "2021-03-10T17:37:44.735Z"}}, {"model": "sessions.session", "pk": "3dhqlicy2uscme3mb6wwpkqqukf8i9nv", "fields": {"session_data": "eyJjYXJ0Ijp7fX0:1lJygU:tYFGvDqKzZf-j433cYDcOoO46vC3DlwHxIf0n9XrySA", "expire_date": "2021-03-24T13:15:30.230Z"}}, {"model": "sessions.session", "pk": "3mrhd1eaykxn42n2ldk7pyhx0swbhdzz", "fields": {"session_data": ".eJxVjDEOgzAQBP9ydWTZwZiYMn3egPbORyCJQMJQIf4ekGgod3Z2VxJMM9XrdqMGy9w1S9ap6RPVdKcLY8hXh6NIHwzv0cg4zFPP5lDM2WbzGpP-nqd7OeiQu2PNbRtTiMwaE5wEC3GAoLBeODx8ZZ1KaRmoSo9UhehVi8LJDvZA2x9vBzxd:1lFZzN:X7_eikCXO04rZLV286mmyGXmMePG007fUzl5fVey30E", "expire_date": "2021-03-12T10:04:49.337Z"}}, {"model": "sessions.session", "pk": "4wrrqaxyvpndy6qa359pghgqnwyonx2e", "fields": {"session_data": "eyJjYXJ0Ijp7IjEiOnsicXVhbnRpdHkiOjIsInByaWNlIjoiMTUwMC4wMCJ9fX0:1lGjoQ:xQ_Yjl2kCiUjU9YEPpefF-aBiUvuBsXVMTJ3t09hreI", "expire_date": "2021-03-15T14:46:18.608Z"}}, {"model": "sessions.session", "pk": "6q06a9c9u8hatih6ok2qfihgw3ez74we", "fields": {"session_data": "eyJjYXJ0Ijp7fX0:1lAWho:ur7hNsIXR82cAcsF5X78kb2jtcixrlrLxAemn8mxnr4", "expire_date": "2021-02-26T11:33:48.662Z"}}, {"model": "sessions.session", "pk": "7gcugx4syrij8e2f9bt05o5yegwld825", "fields": {"session_data": ".eJx1jzFuwzAMRe_C2RBEK0osj91zgqIwKFKu3RZSIstDEeTulVsPydCFA__jI3mDgdYyDesS8jAL9IDQPPY88WeIWyAfFN-T4hRLnr3aELWnizonCV8vO_skmGiZ6rRBEvSIbhx51E5Mpw8aLVNnR8-C2B3RH5FcS_bkxIXWGS3GUXvwHdtQpSnLfiSeGmDKBfobmK1cV4plLt_Qtw1c8syhrrRaaQ33pr70H2L-kMpwWi8p_tpf8e3-A5RqWH4:1lADR3:uRKNjFX1gV_7KNEO8_2x_-Kh8lpVWq4Tn4iEWmzcTd8", "expire_date": "2021-02-25T14:59:13.665Z"}}, {"model": "sessions.session", "pk": "9b3ziayu1amzk47mo9ruj0lwsu2sddxk", "fields": {"session_data": "eyJjYXJ0Ijp7fX0:1lIgVa:1dZQZx2YYQcm8O5WJrQrSmvIxphJQKsNkI8Kzi1ewaA", "expire_date": "2021-03-20T23:38:54.039Z"}}, {"model": "sessions.session", "pk": "9pvz7qecj0g29r7mq1jxmqah4n9jrlil", "fields": {"session_data": ".eJxVjDEOgzAMRe_iuYpiQmjM2L1nQI6dFNoKJAIT4u4tEgvrf-_9DYTnBdptv0HH69J3a0lzNyi0gHDZIssnjQfQN4-vycg0LvMQzaGYkxbznDR9H6d7Oei59P_aIStGRMpZsiV1wdYWvXDwOYoihgZjg0wV-zsppYqcVUdc1TGIT7D_ACmdOxE:1l9n8J:O5BZnpbR6pS9f2KkQ5QTeqkdSkIUM-qzML2cassjcqs", "expire_date": "2021-02-24T10:54:07.139Z"}}, {"model": "sessions.session", "pk": "a6us8d4zb5l2cp9dr365w0321h9v779t", "fields": {"session_data": ".eJxVzsEOgjAMBuB36dksK4whHL37DKTrpqBmwzEOhvjuDkOiXJq0_9emCzDFBO0CuJbnTD4N6QUtFgcY48AOWsBKSiElvA-A5Z7pP1X8lNqr-k_hpjLraE59N08udoPNWQG7mSG-O78G9kb-GgQHn-JgxErElk7iHKx7nDa7O9DT1K_b5nJprG6McY0lZC2JkYiplIqNPqpaouNKGqK6UmRr3SjnyhI5D3KTj3KYx-C_XxbvDzVuYGw:1lH7Nu:dSwio3RAbGUd4ahVmueJUsU3qUJZ8OoIoQuoBDSQa8c", "expire_date": "2021-03-16T15:56:30.786Z"}}, {"model": "sessions.session", "pk": "bfap45poc4ic68hn8ivzb6qw3svytozv", "fields": {"session_data": "eyJjYXJ0Ijp7fX0:1lFQDb:G0Kz8K3TdVMvFs0iQzN-MHN8l5feNh4XRpxKKIZFmlg", "expire_date": "2021-03-11T23:38:51.653Z"}}, {"model": "sessions.session", "pk": "ewy60agfga13uji15wcsglvss6u52cic", "fields": {"session_data": ".eJxVjDEOgzAQBP9ydWTZwZiYMn3egPbORyCJQMJQIf4ekGgod3Z2VxJMM9XrdqMGy9w1S9ap6RPVdKcLY8hXh6NIHwzv0cg4zFPP5lDM2WbzGpP-nqd7OeiQu2PNbRtTiMwaE5wEC3GAoLBeODx8ZZ1KaRmoSo9UhehVi8LJDvZA2x9vBzxd:1lFxxU:wUgTNSSFtaPzbVueul5bEqu81eA-GoPjEOyckrewzSY", "expire_date": "2021-03-13T11:40:28.056Z"}}, {"model": "sessions.session", "pk": "f86uhgfzmhm8ao1di251sq6p865kdp8c", "fields": {"session_data": ".eJxVTUsOgjAQvcusTdNpRSlL956BTGeKoKbFUhbGcHfBsHHzkvf_AKd5TLEdBBo8QMoS8o-YlbU0l76dp10ChD_NEz9C3Ay5U7wlxSmWPHi1RdTuTuqaJDwve_ZvoKepX9sWSdAjuq7jTjuxtT5qrJjqqvMsiPUJ_QnJGarOTlwwzmqxjszR11yFdZQpF2g-YDZ4zRTLUN7Q2AOMeeCwnhittIZlWb6tPU3K:1lAWiE:o2k1CLtyVz6zE_STddLDZo5_Jz0R8bkJGAk-R3-9uVk", "expire_date": "2021-02-26T11:34:14.484Z"}}, {"model": "sessions.session", "pk": "f9uy19ugxonk237wcfkqhfmjviur91sc", "fields": {"session_data": ".eJxVjrEOgzAMRP_FM4ocCNB07N5vQI5jCm0FbQhDhfj3JhJDu1jyvfOdN-hojUO3LhK60cMZSih-NUf8kCkDf6fpNiuepxhGp7JFHXRR19nL83J4_wIGWoZ87fre-sY6J9aT5gaJNRFThYZdczItauEaHVFbG_JtY41IVWlOQlpS6Bz88aS2BTCFCOcNdJnne6UpjvGTWAGvMLKkTo2IChH2ff8C9HdLEA:1lHPV6:bSRsIdzDNkAyrELdG1dCzW_jcJZWycfZjwqUP1r1Mnk", "expire_date": "2021-03-17T11:17:08.303Z"}}, {"model": "sessions.session", "pk": "gm7fg9l5y4d2tdrorpu6m9n9eoilr93e", "fields": {"session_data": "eyJvcmRlcl9pZCI6MjYsImNhcnQiOnt9fQ:1lK0Z0:nqjgXF5Ed7YMrAeSWXDjYRxFZxCK2Na-o4FLEM-StFc", "expire_date": "2021-03-24T15:15:54.329Z"}}, {"model": "sessions.session", "pk": "h41tpgbism3pab4q1zb2en32rn6x6izx", "fields": {"session_data": ".eJxVjMEOgyAQRP9lz4YsFbF47L3fYJYFK22DLeKhMf57JfHiZZKZNzMrMKUM3QpSFv0uFHPIP-hkBZ8U2EMHEhEFImxbBT0teeyX2ac-uJ1d4JRZ4pePBbgnxcckeIo5BStKRRx0FvfJ-fft6J4ORprHsrbDYJw21nrjSLJGYknEVKNiq6-qRem5QUvUNopcq43yvq4l78FuYPsDobJGsw:1lFJ49:lr1YQuzjE8sSz8WvLr-jzJShdN0ogma42VSGUqvdpAI", "expire_date": "2021-03-11T16:00:37.953Z"}}, {"model": "sessions.session", "pk": "jeue6fq2r0sohoc0xebeyhgkrbw5nbu1", "fields": {"session_data": "eyJjYXJ0Ijp7fX0:1l9nBr:4oVtVKY3e24FhOEPan1QIWMSp0_dmwxPRd2mWRV_ioE", "expire_date": "2021-02-24T10:57:47.494Z"}}, {"model": "sessions.session", "pk": "pc2227151hoyv1eamsa0lw3ldzedausb", "fields": {"session_data": "eyJjYXJ0Ijp7fX0:1l9nBr:4oVtVKY3e24FhOEPan1QIWMSp0_dmwxPRd2mWRV_ioE", "expire_date": "2021-02-24T10:57:47.628Z"}}, {"model": "sessions.session", "pk": "qq4oxdlspqyms9xyt369pw3s3g2wx92m", "fields": {"session_data": ".eJxVzDEOgzAMBdC7eEaRDQEKY_eeATlOKLRVaEMYKsTdGySGsljy_89eQThEaFegfJ-fhX0c4xdancE7jOKgBUJEhQhbBqTPiv4UHSqxjpc4dMvsQjfa1OVwygzL0_m9sA_290nJ5GMYjdqJOtpZ3SbrXtfDnh4MPA_7ten7xlaNMa6xTFIhCzELF6jFVBddIzkp0TDXpWZbV412rihIUpAW2H6LPlE9:1lGjIR:NWRz5qrJ7bLKbRogbchw0OFg8G3T6wMrNtlXkT876vw", "expire_date": "2021-03-15T14:13:15.060Z"}}, {"model": "sessions.session", "pk": "t18hjxcbo2aakjh0tlwe1t9tkfpfwvx7", "fields": {"session_data": "eyJjYXJ0Ijp7IjExIjp7InF1YW50aXR5IjoxLCJwcmljZSI6IjEwMDAuMDAifX19:1lEyAP:mjiQ_mLdJmJiQliIIAOzSSmkKlUQYrLeMeaSiO3Y5wU", "expire_date": "2021-03-10T17:41:41.253Z"}}, {"model": "sessions.session", "pk": "wppkwe48wacxk5qd3vxjyl9zxjatgn1u", "fields": {"session_data": "eyJjYXJ0Ijp7fX0:1lAEQp:llf-_9DT3vRYZt08GcdaLKWyK2WFNCdtUfN2USwoHf0", "expire_date": "2021-02-25T16:03:03.776Z"}}, {"model": "sessions.session", "pk": "z3ygv4hmtroxlc74wxrdma5dbokgehfw", "fields": {"session_data": ".eJxVjjsOgzAYg--SGUUJhNAwdu8Z0P-i0FZECjAh7t4gZWhH258tH2qAfZuGfZU0zKx6Vavq10OgtyxXwC9YnlFTXLY0o74QXdJVPyLL517Yv4EJ1ulq4zgG9gFRAoMlb4AsAEFjHKG_uc5YodYgQNc64M4HJ9I0lrKRRR6NicvJuq0UQdpUf5znF9tiQLY:1lIfil:GoqvDf22MJp8plsd1YY-M4TxVXiJLbx5UaeDH9-7MDY", "expire_date": "2021-03-20T22:48:27.587Z"}}, {"model": "shop.category", "pk": 1, "fields": {"parent_category": 5, "name": "Tampons avec cadre", "slug": "tampons-avec-cadre", "image": ""}}, {"model": "shop.category", "pk": 2, "fields": {"parent_category": 5, "name": "Grilles Avaloir", "slug": "grilles-avaloir", "image": ""}}, {"model": "shop.category", "pk": 3, "fields": {"parent_category": 5, "name": "Tampons Avaloir", "slug": "tampons-avaloir", "image": ""}}, {"model": "shop.category", "pk": 4, "fields": {"parent_category": 5, "name": "Appareils Syphoïdes", "slug": "appareils-syphoides", "image": ""}}, {"model": "shop.category", "pk": 5, "fields": {"parent_category": null, "name": "Voirie en Fonte Ductile", "slug": "voirie-en-fonte-ductile", "image": "categories/tampons_J7qwLI2.jpg"}}, {"model": "shop.category", "pk": 6, "fields": {"parent_category": null, "name": "Mobilier Urbain", "slug": "mobilier-urbain", "image": "categories/mobilier_urbain_zxkXzKP.jpg"}}, {"model": "shop.category", "pk": 7, "fields": {"parent_category": null, "name": "Eau Potable", "slug": "eau-potable", "image": "categories/eau_potable_bSro2AV.jpg"}}, {"model": "shop.category", "pk": 9, "fields": {"parent_category": 7, "name": "Raccords", "slug": "raccords", "image": ""}}, {"model": "shop.category", "pk": 10, "fields": {"parent_category": 7, "name": "Branchement", "slug": "branchement", "image": ""}}, {"model": "shop.category", "pk": 11, "fields": {"parent_category": 7, "name": "Robinetterie", "slug": "robinetterie", "image": ""}}, {"model": "shop.category", "pk": 12, "fields": {"parent_category": 7, "name": "Incendie", "slug": "incendie", "image": ""}}, {"model": "shop.attributebase", "pk": 1, "fields": {"label": "Cadre"}}, {"model": "shop.attributebase", "pk": 2, "fields": {"label": "Surface"}}, {"model": "shop.attributebase", "pk": 3, "fields": {"label": "Ouverture"}}, {"model": "shop.attributebase", "pk": 4, "fields": {"label": "Hauteur"}}, {"model": "shop.attributebase", "pk": 5, "fields": {"label": "Poids"}}, {"model": "shop.attributebase", "pk": 6, "fields": {"label": "Dimensions"}}, {"model": "shop.attributebase", "pk": 7, "fields": {"label": "Fourche"}}, {"model": "shop.attributebase", "pk": 8, "fields": {"label": "Tampon"}}, {"model": "shop.attributebase", "pk": 9, "fields": {"label": "Classe"}}, {"model": "shop.attribute", "pk": 1, "fields": {"base": 1, "value": "850x850"}}, {"model": "shop.attribute", "pk": 2, "fields": {"base": 4, "value": "100"}}, {"model": "shop.attribute", "pk": 3, "fields": {"base": 5, "value": "70"}}, {"model": "shop.attribute", "pk": 4, "fields": {"base": 3, "value": "diam 615"}}, {"model": "shop.attribute", "pk": 5, "fields": {"base": 2, "value": "Concave"}}, {"model": "shop.attribute", "pk": 6, "fields": {"base": 2, "value": "Plate"}}, {"model": "shop.attribute", "pk": 7, "fields": {"base": 2, "value": "Concave"}}, {"model": "shop.attribute", "pk": 8, "fields": {"base": 3, "value": "750x750"}}, {"model": "shop.attribute", "pk": 9, "fields": {"base": 3, "value": "600x600"}}, {"model": "shop.attribute", "pk": 10, "fields": {"base": 3, "value": "650x650"}}, {"model": "shop.attribute", "pk": 11, "fields": {"base": 1, "value": "850x850"}}, {"model": "shop.attribute", "pk": 12, "fields": {"base": 1, "value": "700x700"}}, {"model": "shop.attribute", "pk": 13, "fields": {"base": 1, "value": "750x750"}}, {"model": "shop.attribute", "pk": 14, "fields": {"base": 4, "value": "100"}}, {"model": "shop.attribute", "pk": 15, "fields": {"base": 4, "value": "75"}}, {"model": "shop.attribute", "pk": 16, "fields": {"base": 4, "value": "75"}}, {"model": "shop.attribute", "pk": 17, "fields": {"base": 5, "value": "90"}}, {"model": "shop.attribute", "pk": 18, "fields": {"base": 5, "value": "65"}}, {"model": "shop.attribute", "pk": 19, "fields": {"base": 5, "value": "80"}}, {"model": "shop.attribute", "pk": 20, "fields": {"base": 2, "value": "Plate"}}, {"model": "shop.attribute", "pk": 21, "fields": {"base": 2, "value": "Plate"}}, {"model": "shop.attribute", "pk": 22, "fields": {"base": 6, "value": "750x400"}}, {"model": "shop.attribute", "pk": 23, "fields": {"base": 6, "value": "750x300"}}, {"model": "shop.attribute", "pk": 24, "fields": {"base": 5, "value": "30"}}, {"model": "shop.attribute", "pk": 25, "fields": {"base": 5, "value": "22"}}, {"model": "shop.attribute", "pk": 26, "fields": {"base": 6, "value": "700x700"}}, {"model": "shop.attribute", "pk": 27, "fields": {"base": 6, "value": "500x500"}}, {"model": "shop.attribute", "pk": 28, "fields": {"base": 4, "value": "210"}}, {"model": "shop.attribute", "pk": 29, "fields": {"base": 4, "value": "190"}}, {"model": "shop.attribute", "pk": 30, "fields": {"base": 5, "value": "50"}}, {"model": "shop.attribute", "pk": 31, "fields": {"base": 5, "value": "40"}}, {"model": "shop.attribute", "pk": 32, "fields": {"base": 3, "value": "diam 615"}}, {"model": "shop.attribute", "pk": 33, "fields": {"base": 1, "value": "850x850"}}, {"model": "shop.attribute", "pk": 34, "fields": {"base": 4, "value": "75"}}, {"model": "shop.attribute", "pk": 35, "fields": {"base": 5, "value": "60"}}, {"model": "shop.attribute", "pk": 36, "fields": {"base": 2, "value": "Plate"}}, {"model": "shop.attribute", "pk": 37, "fields": {"base": 2, "value": "Plate"}}, {"model": "shop.attribute", "pk": 38, "fields": {"base": 2, "value": "Plate"}}, {"model": "shop.attribute", "pk": 39, "fields": {"base": 3, "value": "400x400"}}, {"model": "shop.attribute", "pk": 40, "fields": {"base": 3, "value": "300x300"}}, {"model": "shop.attribute", "pk": 41, "fields": {"base": 3, "value": "200x200"}}, {"model": "shop.attribute", "pk": 42, "fields": {"base": 1, "value": "500x500"}}, {"model": "shop.attribute", "pk": 43, "fields": {"base": 1, "value": "400x400"}}, {"model": "shop.attribute", "pk": 44, "fields": {"base": 1, "value": "300x300"}}, {"model": "shop.attribute", "pk": 45, "fields": {"base": 4, "value": "50"}}, {"model": "shop.attribute", "pk": 46, "fields": {"base": 4, "value": "50"}}, {"model": "shop.attribute", "pk": 47, "fields": {"base": 4, "value": "50"}}, {"model": "shop.attribute", "pk": 48, "fields": {"base": 5, "value": "25"}}, {"model": "shop.attribute", "pk": 49, "fields": {"base": 5, "value": "15"}}, {"model": "shop.attribute", "pk": 50, "fields": {"base": 5, "value": "10"}}, {"model": "shop.attribute", "pk": 51, "fields": {"base": 7, "value": "Avec"}}, {"model": "shop.attribute", "pk": 52, "fields": {"base": 7, "value": "Sans"}}, {"model": "shop.attribute", "pk": 53, "fields": {"base": 3, "value": "750x750"}}, {"model": "shop.attribute", "pk": 54, "fields": {"base": 3, "value": "750x750"}}, {"model": "shop.attribute", "pk": 55, "fields": {"base": 1, "value": "850x850"}}, {"model": "shop.attribute", "pk": 56, "fields": {"base": 1, "value": "850x850"}}, {"model": "shop.attribute", "pk": 57, "fields": {"base": 4, "value": "200"}}, {"model": "shop.attribute", "pk": 58, "fields": {"base": 4, "value": "75"}}, {"model": "shop.attribute", "pk": 59, "fields": {"base": 5, "value": "85"}}, {"model": "shop.attribute", "pk": 60, "fields": {"base": 5, "value": "70"}}, {"model": "shop.attribute", "pk": 61, "fields": {"base": 8, "value": "Rond"}}, {"model": "shop.attribute", "pk": 62, "fields": {"base": 3, "value": "diam 315"}}, {"model": "shop.attribute", "pk": 63, "fields": {"base": 1, "value": "400x400"}}, {"model": "shop.attribute", "pk": 64, "fields": {"base": 4, "value": "150"}}, {"model": "shop.attribute", "pk": 65, "fields": {"base": 5, "value": "17"}}, {"model": "shop.attribute", "pk": 66, "fields": {"base": 3, "value": "400x400"}}, {"model": "shop.attribute", "pk": 67, "fields": {"base": 1, "value": "550x550"}}, {"model": "shop.attribute", "pk": 68, "fields": {"base": 4, "value": "37"}}, {"model": "shop.attribute", "pk": 69, "fields": {"base": 5, "value": "24"}}, {"model": "shop.attribute", "pk": 70, "fields": {"base": 9, "value": "D400"}}, {"model": "shop.attribute", "pk": 71, "fields": {"base": 1, "value": "Sans"}}, {"model": "shop.attribute", "pk": 72, "fields": {"base": 1, "value": "Sans"}}, {"model": "shop.attribute", "pk": 74, "fields": {"base": 6, "value": "750x400"}}, {"model": "shop.attribute", "pk": 75, "fields": {"base": 5, "value": "57"}}, {"model": "shop.attribute", "pk": 77, "fields": {"base": 1, "value": "Avec"}}, {"model": "shop.attribute", "pk": 78, "fields": {"base": 2, "value": "Plate"}}, {"model": "shop.attribute", "pk": 79, "fields": {"base": 9, "value": "D400"}}, {"model": "shop.attribute", "pk": 80, "fields": {"base": 9, "value": "D400"}}, {"model": "shop.attribute", "pk": 81, "fields": {"base": 9, "value": "D400"}}, {"model": "shop.productattribute", "pk": 1, "fields": {"product_type": 1}}, {"model": "shop.productattribute", "pk": 2, "fields": {"product_type": 1}}, {"model": "shop.productattribute", "pk": 3, "fields": {"product_type": 1}}, {"model": "shop.productattribute", "pk": 4, "fields": {"product_type": 1}}, {"model": "shop.productattribute", "pk": 5, "fields": {"product_type": 2}}, {"model": "shop.productattribute", "pk": 6, "fields": {"product_type": 3}}, {"model": "shop.productattribute", "pk": 7, "fields": {"product_type": 4}}, {"model": "shop.productattribute", "pk": 8, "fields": {"product_type": 2}}, {"model": "shop.productattribute", "pk": 9, "fields": {"product_type": 3}}, {"model": "shop.productattribute", "pk": 10, "fields": {"product_type": 4}}, {"model": "shop.productattribute", "pk": 11, "fields": {"product_type": 2}}, {"model": "shop.productattribute", "pk": 12, "fields": {"product_type": 3}}, {"model": "shop.productattribute", "pk": 13, "fields": {"product_type": 4}}, {"model": "shop.productattribute", "pk": 14, "fields": {"product_type": 2}}, {"model": "shop.productattribute", "pk": 15, "fields": {"product_type": 3}}, {"model": "shop.productattribute", "pk": 16, "fields": {"product_type": 4}}, {"model": "shop.productattribute", "pk": 17, "fields": {"product_type": 2}}, {"model": "shop.productattribute", "pk": 18, "fields": {"product_type": 3}}, {"model": "shop.productattribute", "pk": 19, "fields": {"product_type": 4}}, {"model": "shop.productattribute", "pk": 20, "fields": {"product_type": 5}}, {"model": "shop.productattribute", "pk": 21, "fields": {"product_type": 6}}, {"model": "shop.productattribute", "pk": 22, "fields": {"product_type": 5}}, {"model": "shop.productattribute", "pk": 23, "fields": {"product_type": 6}}, {"model": "shop.productattribute", "pk": 24, "fields": {"product_type": 5}}, {"model": "shop.productattribute", "pk": 25, "fields": {"product_type": 6}}, {"model": "shop.productattribute", "pk": 26, "fields": {"product_type": 7}}, {"model": "shop.productattribute", "pk": 27, "fields": {"product_type": 8}}, {"model": "shop.productattribute", "pk": 28, "fields": {"product_type": 7}}, {"model": "shop.productattribute", "pk": 29, "fields": {"product_type": 8}}, {"model": "shop.productattribute", "pk": 30, "fields": {"product_type": 7}}, {"model": "shop.productattribute", "pk": 31, "fields": {"product_type": 8}}, {"model": "shop.productattribute", "pk": 32, "fields": {"product_type": 11}}, {"model": "shop.productattribute", "pk": 33, "fields": {"product_type": 11}}, {"model": "shop.productattribute", "pk": 34, "fields": {"product_type": 11}}, {"model": "shop.productattribute", "pk": 35, "fields": {"product_type": 11}}, {"model": "shop.productattribute", "pk": 36, "fields": {"product_type": 12}}, {"model": "shop.productattribute", "pk": 37, "fields": {"product_type": 13}}, {"model": "shop.productattribute", "pk": 38, "fields": {"product_type": 14}}, {"model": "shop.productattribute", "pk": 39, "fields": {"product_type": 12}}, {"model": "shop.productattribute", "pk": 40, "fields": {"product_type": 13}}, {"model": "shop.productattribute", "pk": 41, "fields": {"product_type": 14}}, {"model": "shop.productattribute", "pk": 42, "fields": {"product_type": 12}}, {"model": "shop.productattribute", "pk": 43, "fields": {"product_type": 13}}, {"model": "shop.productattribute", "pk": 44, "fields": {"product_type": 14}}, {"model": "shop.productattribute", "pk": 45, "fields": {"product_type": 12}}, {"model": "shop.productattribute", "pk": 46, "fields": {"product_type": 13}}, {"model": "shop.productattribute", "pk": 47, "fields": {"product_type": 14}}, {"model": "shop.productattribute", "pk": 48, "fields": {"product_type": 12}}, {"model": "shop.productattribute", "pk": 49, "fields": {"product_type": 13}}, {"model": "shop.productattribute", "pk": 50, "fields": {"product_type": 14}}, {"model": "shop.productattribute", "pk": 51, "fields": {"product_type": 15}}, {"model": "shop.productattribute", "pk": 52, "fields": {"product_type": 16}}, {"model": "shop.productattribute", "pk": 53, "fields": {"product_type": 15}}, {"model": "shop.productattribute", "pk": 54, "fields": {"product_type": 16}}, {"model": "shop.productattribute", "pk": 55, "fields": {"product_type": 15}}, {"model": "shop.productattribute", "pk": 56, "fields": {"product_type": 16}}, {"model": "shop.productattribute", "pk": 57, "fields": {"product_type": 15}}, {"model": "shop.productattribute", "pk": 58, "fields": {"product_type": 16}}, {"model": "shop.productattribute", "pk": 59, "fields": {"product_type": 15}}, {"model": "shop.productattribute", "pk": 60, "fields": {"product_type": 16}}, {"model": "shop.productattribute", "pk": 61, "fields": {"product_type": 10}}, {"model": "shop.productattribute", "pk": 62, "fields": {"product_type": 10}}, {"model": "shop.productattribute", "pk": 63, "fields": {"product_type": 10}}, {"model": "shop.productattribute", "pk": 64, "fields": {"product_type": 10}}, {"model": "shop.productattribute", "pk": 65, "fields": {"product_type": 10}}, {"model": "shop.productattribute", "pk": 66, "fields": {"product_type": 9}}, {"model": "shop.productattribute", "pk": 67, "fields": {"product_type": 9}}, {"model": "shop.productattribute", "pk": 68, "fields": {"product_type": 9}}, {"model": "shop.productattribute", "pk": 69, "fields": {"product_type": 9}}, {"model": "shop.productattribute", "pk": 70, "fields": {"product_type": 1}}, {"model": "shop.productattribute", "pk": 71, "fields": {"product_type": 5}}, {"model": "shop.productattribute", "pk": 72, "fields": {"product_type": 6}}, {"model": "shop.productattribute", "pk": 74, "fields": {"product_type": 17}}, {"model": "shop.productattribute", "pk": 75, "fields": {"product_type": 17}}, {"model": "shop.productattribute", "pk": 77, "fields": {"product_type": 17}}, {"model": "shop.productattribute", "pk": 78, "fields": {"product_type": 17}}, {"model": "shop.productattribute", "pk": 79, "fields": {"product_type": 2}}, {"model": "shop.productattribute", "pk": 80, "fields": {"product_type": 3}}, {"model": "shop.productattribute", "pk": 81, "fields": {"product_type": 4}}, {"model": "shop.product", "pk": 4, "fields": {"category": 1, "name": "Regard de visite D400", "slug": "regard-de-visite-d400", "image": "products/2021/02/18/A.png", "description": "<ul style=\"list-style-type: square;\">\r\n<li class=\"my-class\">Cadre carr&eacute; &agrave; tampon rond avec joint elastom&egrave;re</li>\r\n<li class=\"my-class\">Anneau de soulevement int&eacute;gr&eacute; au tampon</li>\r\n<li class=\"my-class\">Tampon articul&eacute; permettant le bloquage du tampon &agrave; position ouverte</li>\r\n<li class=\"my-class\">Verrouillage par barreaux &eacute;lastiques ou serrure</li>\r\n<li class=\"my-class\">Surface avec motif antid&eacute;rapant</li>\r\n<li class=\"my-class\">Peinture noire bitum&eacute;e</li>\r\n</ul>", "PDF": "pdf/fiches techniques/typeA.pdf"}}, {"model": "shop.product", "pk": 5, "fields": {"category": 1, "name": "Regard de visite C250", "slug": "regard-de-visite-c250", "image": "products/2021/02/18/C.png", "description": "<ul style=\"list-style-type: square;\">\r\n<li>Ouverture du tampon &gt; &agrave; 110&deg; pour un acc&egrave;s facile et la s&eacute;curit&eacute; des utilisateurs</li>\r\n<li>Extraction du tampon &agrave; 90&deg;</li>\r\n<li>Anneau de soul&egrave;vement int&eacute;gr&eacute; au tampon</li>\r\n<li>Tampon articul&eacute; permettant son blocage &agrave; position ouverte</li>\r\n<li>Cadre carr&eacute; &agrave; tampon rond avec joint &eacute;lastom&egrave;re</li>\r\n<li>Surface avec motif antid&eacute;rapant</li>\r\n<li>Verrouillage par barreaux &eacute;lastiques ou serrure</li>\r\n<li>Peinture hydrosoluble noire bitum&eacute;e, non toxique et non polluante</li>\r\n</ul>", "PDF": "pdf/fiches techniques/Tampon_C250.pdf"}}, {"model": "shop.product", "pk": 6, "fields": {"category": 1, "name": "Regard carré C250", "slug": "regard-carre-c250", "image": "products/2021/02/18/G.png", "description": "<ul style=\"list-style-type: square;\">\r\n<li>Cadre et tampon carr&eacute; &agrave; fermeture hydraulique anti-odeur</li>\r\n<li>Destin&eacute; aux zones pi&eacute;tonni&egrave;res, trottoirs, caniveaux dans les rues, accotements des routes et parkings accessibles aux poids lourds</li>\r\n<li>Couvercle anti-d&eacute;rapant</li>\r\n<li>Peinture noire bitum&eacute;e hydrosoluble, non polluante et non toxique</li>\r\n</ul>", "PDF": ""}}, {"model": "shop.product", "pk": 7, "fields": {"category": 1, "name": "Regard carré B125", "slug": "regard-carre-b125", "image": "products/2021/02/18/R.png", "description": "<div aria-expanded=\"false\" aria-hidden=\"true\">\r\n<ul style=\"list-style-type: square;\">\r\n<li>Tampon hydraulique &agrave; cadre et tampon carr&eacute;s</li>\r\n<li>Destin&eacute; &agrave; la fermeture des regards de visite et permet d'acc&eacute;der facilement au r&eacute;seau</li>\r\n<li>Installation sur les trottoirs, les zones pi&eacute;tonnes, les aires de stationnement et les parkings &agrave; &eacute;tages</li>\r\n<li>Gorge hydraulique anti-odeur</li>\r\n<li>Quadrillage antid&eacute;rapant</li>\r\n<li>Fente d'ouverture &agrave; articulation facile</li>\r\n<li>Pr&eacute;sence d'onglets facilitant la mise en oeuvre</li>\r\n<li>Peinture noire bitum&eacute;e non polluante et non toxique</li>\r\n</ul>\r\n</div>", "PDF": ""}}, {"model": "shop.product", "pk": 8, "fields": {"category": 1, "name": "Regard de branchement", "slug": "regard-de-branchement", "image": "products/2021/02/18/O.png", "description": "<ul style=\"list-style-type: square;\">\r\n<li>Regard d&rsquo;assainissement pour &eacute;vacuer les eaux pluviales et les eaux us&eacute;es</li>\r\n<li>Dispositif robuste install&eacute; sur les trottoirs et dans les zones pi&eacute;tonnes</li>\r\n<li>Cadre carr&eacute; et tampon carr&eacute;</li>\r\n<li>Fermeture hydraulique qui bloque les remont&eacute;es d'odeurs du r&eacute;seau</li>\r\n<li>Rev&ecirc;tement bitumineux non toxique et non polluant<br /><br />&nbsp;</li>\r\n</ul>", "PDF": ""}}, {"model": "shop.product", "pk": 9, "fields": {"category": 2, "name": "Grille D400 avec cadre", "slug": "grille-d400-avec-cadre", "image": "products/2021/02/18/B.png", "description": "<ul style=\"list-style-type: square;\">\r\n<li>Grille carr&eacute;e concave ou plate avec cadre carr&eacute;</li>\r\n<li>Fixation de cadre avec quatre points d'ancrage assure plus de stabilit&eacute;</li>\r\n<li>Surface avec motif antid&eacute;rapant</li>\r\n<li>Peinture hydrosoluble noire bitum&eacute;e, non toxique et non polluante</li>\r\n</ul>", "PDF": "pdf/fiches techniques/Grille_D400.pdf"}}, {"model": "shop.product", "pk": 10, "fields": {"category": 2, "name": "Grille plate de caniveau C250 avec cadre", "slug": "grille-plate-de-caniveau-c250-avec-cadre", "image": "products/2021/02/18/H.png", "description": "<ul style=\"list-style-type: square;\">\r\n<li>Grille plate permet de limiter l'acc&egrave;s des r&eacute;seaux d'assainissement souterrains aux professionnels et d'assurer un maximum de s&eacute;curit&eacute; aux passants.</li>\r\n<li>Couvre exclusivement les dispositifs de couronnement install&eacute;s sur accotements et dans la zone des caniveaux des rues</li>\r\n<li>Crochet de fixation de la grille avec cadre, facile &agrave; installer pour une &eacute;vacuation efficace des eaux de ruissellement ou de nettoyage des sols qui s'y d&eacute;versent.</li>\r\n<li>Surface avec motif antid&eacute;rapant&nbsp;</li>\r\n</ul>", "PDF": "pdf/fiches techniques/Bulletin_Terminale_T1.pdf"}}, {"model": "shop.product", "pk": 11, "fields": {"category": 4, "name": "Appareil syphoïde avec ou sans cadre", "slug": "appareil-syphoide-avec-ou-sans-cadre", "image": "products/2021/02/19/E.png", "description": "<ul style=\"list-style-type: square;\">\r\n<li>Grille de filtration d&eacute;tachable</li>\r\n<li>Bac ind&eacute;tachable</li>\r\n<li>Clapet &agrave; contrepoids pour d&eacute;charge d'eaux pluviales, forme &agrave; contrepieds inclin&eacute;e pour une d&eacute;charge facile et sans risque de blocage</li>\r\n<li>Utilis&eacute;e en dessous d'une grille ou d'un tampon avaloir</li>\r\n<li>Quatre crochets de manipulation robustes attenant &agrave; la tubulure</li>\r\n<li>Gr&acirc;ce &agrave; une ex&eacute;cution rigide et l&eacute;g&egrave;re, limitation de risque de casse, facilit&eacute; d'entretien et d'exploitation</li>\r\n<li>Surface avec motif antid&eacute;rapant</li>\r\n</ul>", "PDF": "pdf/fiches techniques/Appareil_Syphoide.pdf"}}, {"model": "shop.product", "pk": 12, "fields": {"category": 3, "name": "Tampon avaloir carré C250 avec cadre et fourche", "slug": "tampon-avaloir-carre-c250-avec-cadre-et-fourche", "image": "products/2021/02/19/D.png", "description": "<ul style=\"list-style-type: square;\">\r\n<li>Tampon et cadre carr&eacute;s avec ou sans fourche avaloir sous trottoir pour bordures de trottoirs et zone pi&eacute;tonne</li>\r\n<li>Tampon &agrave; articulation et cadre carr&eacute;</li>\r\n<li>Fixation de cadre avec quatre points d'ancrage assurant plus de stabilit&eacute;</li>\r\n<li>Surface avec motif antid&eacute;rapant</li>\r\n<li>Peinture hydrosoluble noire bitum&eacute;e non toxique et non polluante</li>\r\n</ul>", "PDF": "pdf/fiches techniques/Avaloir_C250.pdf"}}, {"model": "shop.product", "pk": 14, "fields": {"category": 2, "name": "Grille de caniveau avec ou sans cadre D400", "slug": "grille-de-caniveau-avec-ou-sans-cadre-d400", "image": "products/2021/02/19/K.png", "description": "<div>\r\n<ul style=\"list-style-type: square;\">\r\n<li>Grille de caniveau plate permettant la collecte des eaux pluviales et de ruissellement</li>\r\n<li>Pour voies de circulation, y compris les rues pi&eacute;tonnes, accotements stabilis&eacute;s, aires de stationnement pour tous types de v&eacute;hicules routiers.</li>\r\n<li>Surface anti-d&eacute;rapante</li>\r\n<li>Peinture noire bitum&eacute;e, non toxique et non polluante</li>\r\n</ul>\r\n</div>", "PDF": ""}}, {"model": "shop.product", "pk": 16, "fields": {"category": 9, "name": "Coudes à 2 emboitements", "slug": "coudes-2-emboitements", "image": "products/2021/03/03/coude_2_emboitements.jpg", "description": "<ul style=\"list-style-type: square;\">\r\n<li>Coude pour tubes PVC en Fonte Ductile</li>\r\n<li>Raccords conformes &agrave; la norme EN 12842</li>\r\n<li>Garnitures d'&eacute;tanch&eacute;it&eacute; conformes &agrave; la norme EN 681.1</li>\r\n<li>Rev&ecirc;tement &eacute;poxy bleu appliqu&eacute; par cataphor&egrave;se</li>\r\n<li>Raccords livr&eacute;s avec les joints pr&eacute;mont&eacute;s</li>\r\n</ul>", "PDF": ""}}, {"model": "shop.producttype", "pk": 1, "fields": {"product": 4, "reference": "Type A", "price": "1500.00", "available": true, "created": "2021-02-25T16:01:39.764Z", "updated": "2021-02-25T16:01:39.764Z"}}, {"model": "shop.producttype", "pk": 2, "fields": {"product": 9, "reference": "Type B", "price": "1000.00", "available": true, "created": "2021-02-25T16:02:01.644Z", "updated": "2021-02-25T16:02:01.644Z"}}, {"model": "shop.producttype", "pk": 3, "fields": {"product": 9, "reference": "Type F", "price": "1000.00", "available": true, "created": "2021-02-25T16:02:16.123Z", "updated": "2021-02-25T16:02:16.123Z"}}, {"model": "shop.producttype", "pk": 4, "fields": {"product": 9, "reference": "Type J", "price": "1200.00", "available": true, "created": "2021-02-25T16:02:26.875Z", "updated": "2021-02-25T16:02:26.875Z"}}, {"model": "shop.producttype", "pk": 5, "fields": {"product": 14, "reference": "Type K", "price": "800.00", "available": true, "created": "2021-02-25T16:02:44.388Z", "updated": "2021-02-25T16:02:44.388Z"}}, {"model": "shop.producttype", "pk": 6, "fields": {"product": 14, "reference": "Type L", "price": "900.00", "available": true, "created": "2021-02-25T16:02:57.824Z", "updated": "2021-02-25T16:02:57.824Z"}}, {"model": "shop.producttype", "pk": 7, "fields": {"product": 11, "reference": "Type E", "price": "1900.00", "available": true, "created": "2021-02-25T16:03:14.432Z", "updated": "2021-02-25T16:03:14.432Z"}}, {"model": "shop.producttype", "pk": 8, "fields": {"product": 11, "reference": "Type I", "price": "1200.00", "available": true, "created": "2021-02-25T16:03:24.123Z", "updated": "2021-02-25T16:03:24.123Z"}}, {"model": "shop.producttype", "pk": 9, "fields": {"product": 7, "reference": "Type P", "price": "1100.00", "available": true, "created": "2021-02-25T16:04:25.681Z", "updated": "2021-02-25T16:04:25.681Z"}}, {"model": "shop.producttype", "pk": 10, "fields": {"product": 8, "reference": "Type O", "price": "1300.00", "available": true, "created": "2021-02-25T16:04:51.718Z", "updated": "2021-02-25T16:04:51.718Z"}}, {"model": "shop.producttype", "pk": 11, "fields": {"product": 5, "reference": "Type C", "price": "1000.00", "available": true, "created": "2021-02-25T16:10:31.115Z", "updated": "2021-02-25T16:10:31.115Z"}}, {"model": "shop.producttype", "pk": 12, "fields": {"product": 10, "reference": "Type H", "price": "1000.00", "available": true, "created": "2021-02-25T16:12:13.406Z", "updated": "2021-02-25T16:12:13.406Z"}}, {"model": "shop.producttype", "pk": 13, "fields": {"product": 10, "reference": "Type M", "price": "1200.00", "available": true, "created": "2021-02-25T16:12:23.544Z", "updated": "2021-02-25T16:12:23.544Z"}}, {"model": "shop.producttype", "pk": 14, "fields": {"product": 10, "reference": "Type N", "price": "1100.00", "available": true, "created": "2021-02-25T16:12:33.398Z", "updated": "2021-02-25T16:12:33.398Z"}}, {"model": "shop.producttype", "pk": 15, "fields": {"product": 12, "reference": "Type D", "price": "1400.00", "available": true, "created": "2021-02-25T16:13:09.760Z", "updated": "2021-02-25T16:13:09.760Z"}}, {"model": "shop.producttype", "pk": 16, "fields": {"product": 12, "reference": "Type G", "price": "1200.00", "available": true, "created": "2021-02-25T16:13:29.854Z", "updated": "2021-02-25T16:13:29.854Z"}}, {"model": "shop.producttype", "pk": 17, "fields": {"product": 14, "reference": "Type Q", "price": "1500.00", "available": true, "created": "2021-03-05T16:20:21.744Z", "updated": "2021-03-05T16:20:21.744Z"}}, {"model": "shop.producttype", "pk": 18, "fields": {"product": 6, "reference": "Type R", "price": "1200.00", "available": true, "created": "2021-03-06T10:41:53.892Z", "updated": "2021-03-06T10:41:53.892Z"}}, {"model": "orders.order", "pk": 1, "fields": {"first_name": "Sofia", "last_name": "Lazrak", "company": "Efficia Media", "email": "sofia.lazrak@gmail.com", "phone": "0661070128", "address": "21 Rue Michel Ange Appartement 9 Etage 5", "postcode": "20100", "city": "Casablanca", "country": "Maroc", "created": "2021-03-02T22:05:33.765Z", "updated": "2021-03-02T22:05:33.765Z", "paid": false, "braintree_id": "", "coupon": null, "discount": 0}}, {"model": "orders.order", "pk": 2, "fields": {"first_name": "Laila", "last_name": "Lazrak", "company": "Dentiste", "email": "laila.lazrak@gmail.com", "phone": "0661070128", "address": "21 rue Oasis", "postcode": "20000", "city": "Casablanca", "country": "Maroc", "created": "2021-03-02T22:11:00.504Z", "updated": "2021-03-02T22:55:32.589Z", "paid": false, "braintree_id": "", "coupon": 1, "discount": 4}}, {"model": "orders.order", "pk": 3, "fields": {"first_name": "Efficia Media", "last_name": "Efficia Media", "company": "Efficia Media", "email": "sofia.lazrak@gmail.com", "phone": "0661070128", "address": "21 rue Oasis", "postcode": "20000", "city": "Casablanca", "country": "Maroc", "created": "2021-03-02T23:15:08.836Z", "updated": "2021-03-02T23:15:08.836Z", "paid": false, "braintree_id": "", "coupon": null, "discount": 0}}, {"model": "orders.order", "pk": 4, "fields": {"first_name": "Efficia Media", "last_name": "Efficia Media", "company": "Efficia Media", "email": "sofia.lazrak@gmail.com", "phone": "0661070128", "address": "21 Rue Michel Ange Appartement 9 Etage 5", "postcode": "20100", "city": "Casablanca", "country": "Maroc", "created": "2021-03-03T08:23:10.527Z", "updated": "2021-03-03T08:23:10.527Z", "paid": false, "braintree_id": "", "coupon": null, "discount": 0}}, {"model": "orders.order", "pk": 5, "fields": {"first_name": "Efficia Media", "last_name": "Efficia Media", "company": "Efficia Media", "email": "sofia.lazrak@gmail.com", "phone": "0661070128", "address": "21 Rue Michel Ange Appartement 9 Etage 5", "postcode": "20100", "city": "Casablanca", "country": "Maroc", "created": "2021-03-03T08:25:58.599Z", "updated": "2021-03-03T08:25:58.599Z", "paid": false, "braintree_id": "", "coupon": null, "discount": 0}}, {"model": "orders.order", "pk": 6, "fields": {"first_name": "Efficia Media", "last_name": "Efficia Media", "company": "Efficia Media", "email": "sofia.lazrak@gmail.com", "phone": "0661070128", "address": "21 Rue Michel Ange Appartement 9 Etage 5", "postcode": "20100", "city": "Casablanca", "country": "Maroc", "created": "2021-03-03T08:28:27.624Z", "updated": "2021-03-03T08:28:27.624Z", "paid": false, "braintree_id": "", "coupon": null, "discount": 0}}, {"model": "orders.order", "pk": 7, "fields": {"first_name": "Efficia Media", "last_name": "Efficia Media", "company": "Efficia Media", "email": "sofia.lazrak@gmail.com", "phone": "0661070128", "address": "21 Rue Michel Ange Appartement 9 Etage 5", "postcode": "20100", "city": "Casablanca", "country": "Maroc", "created": "2021-03-03T08:31:39.298Z", "updated": "2021-03-03T08:31:39.298Z", "paid": false, "braintree_id": "", "coupon": null, "discount": 0}}, {"model": "orders.order", "pk": 8, "fields": {"first_name": "Efficia Media", "last_name": "Efficia Media", "company": "Efficia Media", "email": "sofia.lazrak@gmail.com", "phone": "0661070128", "address": "21 Rue Michel Ange Appartement 9 Etage 5", "postcode": "20100", "city": "Casablanca", "country": "Maroc", "created": "2021-03-03T08:32:48.380Z", "updated": "2021-03-03T08:32:48.380Z", "paid": false, "braintree_id": "", "coupon": null, "discount": 0}}, {"model": "orders.order", "pk": 9, "fields": {"first_name": "Sofia", "last_name": "Lazrak", "company": "Efficia", "email": "sofia.lazrak@gmail.com", "phone": "0661070129", "address": "test", "postcode": "20100", "city": "casa", "country": "Maroc", "created": "2021-03-03T08:34:43.278Z", "updated": "2021-03-03T08:34:43.278Z", "paid": false, "braintree_id": "", "coupon": null, "discount": 0}}, {"model": "orders.order", "pk": 10, "fields": {"first_name": "Sofia", "last_name": "Lazrak", "company": "company", "email": "sofia.lazrak@gmail.com", "phone": "0661899009", "address": "test", "postcode": "8373737", "city": "test", "country": "SSS", "created": "2021-03-03T08:43:27.094Z", "updated": "2021-03-03T08:43:27.094Z", "paid": false, "braintree_id": "", "coupon": null, "discount": 0}}, {"model": "orders.order", "pk": 11, "fields": {"first_name": "Sofia", "last_name": "Lazrak", "company": "company", "email": "sofia.lazrak@gmail.com", "phone": "0661899009", "address": "test", "postcode": "8373737", "city": "test", "country": "SSS", "created": "2021-03-03T08:44:20.288Z", "updated": "2021-03-03T08:44:20.288Z", "paid": false, "braintree_id": "", "coupon": null, "discount": 0}}, {"model": "orders.order", "pk": 12, "fields": {"first_name": "Sofia", "last_name": "Lazrak", "company": "company", "email": "sofia.lazrak@gmail.com", "phone": "0661899009", "address": "test", "postcode": "8373737", "city": "test", "country": "SSS", "created": "2021-03-03T10:49:21.674Z", "updated": "2021-03-03T10:49:21.674Z", "paid": false, "braintree_id": "", "coupon": null, "discount": 0}}, {"model": "orders.order", "pk": 13, "fields": {"first_name": "Sofia", "last_name": "Lazrak", "company": "company", "email": "sofia.lazrak@gmail.com", "phone": "0661899009", "address": "test", "postcode": "8373737", "city": "test", "country": "SSS", "created": "2021-03-03T10:53:39.897Z", "updated": "2021-03-03T10:53:39.897Z", "paid": false, "braintree_id": "", "coupon": null, "discount": 0}}, {"model": "orders.order", "pk": 14, "fields": {"first_name": "Sofia", "last_name": "Lazrak", "company": "company", "email": "sofia.lazrak@gmail.com", "phone": "0661899009", "address": "test", "postcode": "8373737", "city": "test", "country": "SSS", "created": "2021-03-03T10:54:19.509Z", "updated": "2021-03-03T10:54:19.509Z", "paid": false, "braintree_id": "", "coupon": null, "discount": 0}}, {"model": "orders.order", "pk": 15, "fields": {"first_name": "Sofia", "last_name": "Lazrak", "company": "company", "email": "sofia.lazrak@gmail.com", "phone": "0661899009", "address": "test", "postcode": "8373737", "city": "test", "country": "SSS", "created": "2021-03-03T10:54:35.447Z", "updated": "2021-03-03T10:54:35.447Z", "paid": false, "braintree_id": "", "coupon": null, "discount": 0}}, {"model": "orders.order", "pk": 16, "fields": {"first_name": "Sofia", "last_name": "Lazrak", "company": "company", "email": "sofia.lazrak@gmail.com", "phone": "0661899009", "address": "test", "postcode": "8373737", "city": "test", "country": "SSS", "created": "2021-03-03T10:57:36.979Z", "updated": "2021-03-03T10:57:36.979Z", "paid": false, "braintree_id": "", "coupon": null, "discount": 0}}, {"model": "orders.order", "pk": 17, "fields": {"first_name": "Sofia", "last_name": "Lazrak", "company": "company", "email": "sofia.lazrak@gmail.com", "phone": "0661899009", "address": "test", "postcode": "8373737", "city": "test", "country": "SSS", "created": "2021-03-03T10:59:18.698Z", "updated": "2021-03-03T10:59:18.698Z", "paid": false, "braintree_id": "", "coupon": null, "discount": 0}}, {"model": "orders.order", "pk": 18, "fields": {"first_name": "Sofia", "last_name": "Lazrak", "company": "officia", "email": "sofia.lazrak@gmail.com", "phone": "0661879009", "address": "test", "postcode": "33455", "city": "test", "country": "pppp", "created": "2021-03-03T11:06:04.411Z", "updated": "2021-03-03T11:06:04.411Z", "paid": false, "braintree_id": "", "coupon": null, "discount": 0}}, {"model": "orders.order", "pk": 19, "fields": {"first_name": "Sofia", "last_name": "Lazrak", "company": "officia", "email": "sofia.lazrak@gmail.com", "phone": "0661879009", "address": "test", "postcode": "33455", "city": "test", "country": "pppp", "created": "2021-03-03T11:07:28.407Z", "updated": "2021-03-03T11:07:28.407Z", "paid": false, "braintree_id": "", "coupon": null, "discount": 0}}, {"model": "orders.order", "pk": 20, "fields": {"first_name": "Sofia", "last_name": "Lazrak", "company": "Effivia", "email": "sofia.lazrak@gmail.com", "phone": "0661988999", "address": "jkjkhjkhH", "postcode": "89898989", "city": "HKJHKJHKJHK", "country": "jhkhkj", "created": "2021-03-03T11:18:40.261Z", "updated": "2021-03-03T11:18:40.261Z", "paid": false, "braintree_id": "", "coupon": null, "discount": 0}}, {"model": "orders.order", "pk": 21, "fields": {"first_name": "Efficia Media", "last_name": "Efficia Media", "company": "Efficia Media", "email": "sofia.lazrak@gmail.com", "phone": "0661070128", "address": "21 Rue Michel Ange Appartement 9 Etage 5", "postcode": "20100", "city": "Casablanca", "country": "Maroc", "created": "2021-03-03T11:19:36.457Z", "updated": "2021-03-03T11:19:36.457Z", "paid": false, "braintree_id": "", "coupon": null, "discount": 0}}, {"model": "orders.order", "pk": 22, "fields": {"first_name": "Efficia Media", "last_name": "Efficia Media", "company": "Efficia Media", "email": "sofia.lazrak@gmail.com", "phone": "0661070128", "address": "21 Rue Michel Ange Appartement 9 Etage 5", "postcode": "20100", "city": "Casablanca", "country": "Maroc", "created": "2021-03-03T11:22:08.522Z", "updated": "2021-03-03T11:22:08.522Z", "paid": false, "braintree_id": "", "coupon": null, "discount": 0}}, {"model": "orders.order", "pk": 23, "fields": {"first_name": "Efficia Media", "last_name": "Efficia Media", "company": "Efficia Media", "email": "sofia.lazrak@gmail.com", "phone": "0661070128", "address": "21 Rue Michel Ange Appartement 9 Etage 5", "postcode": "20100", "city": "Casablanca", "country": "Maroc", "created": "2021-03-03T11:27:33.530Z", "updated": "2021-03-03T11:27:33.530Z", "paid": false, "braintree_id": "", "coupon": null, "discount": 0}}, {"model": "orders.order", "pk": 24, "fields": {"first_name": "Efficia Media", "last_name": "Efficia Media", "company": "Efficia Media", "email": "sofia.lazrak@gmail.com", "phone": "0661070128", "address": "21 Rue Michel Ange Appartement 9 Etage 5", "postcode": "20100", "city": "Casablanca", "country": "Maroc", "created": "2021-03-03T11:31:10.038Z", "updated": "2021-03-03T11:31:10.038Z", "paid": false, "braintree_id": "", "coupon": null, "discount": 0}}, {"model": "orders.order", "pk": 25, "fields": {"first_name": "Efficia Media", "last_name": "Efficia Media", "company": "Efficia Media", "email": "sofia.lazrak@gmail.com", "phone": "0661070128", "address": "21 Rue Michel Ange Appartement 9 Etage 5", "postcode": "20100", "city": "Casablanca", "country": "Maroc", "created": "2021-03-03T11:32:41.991Z", "updated": "2021-03-03T11:32:41.991Z", "paid": false, "braintree_id": "", "coupon": null, "discount": 0}}, {"model": "orders.order", "pk": 26, "fields": {"first_name": "sofia.lazrak", "last_name": "Lazrak", "company": "oioioioi", "email": "sofia.lazrak@gmail.com", "phone": "0661070128", "address": "21, Rue Michel ange Appt 9 etg 5 Quartier Racine", "postcode": "20100", "city": "Casablanca", "country": "Maroc", "created": "2021-03-10T15:15:52.063Z", "updated": "2021-03-10T15:15:52.063Z", "paid": false, "braintree_id": "", "coupon": null, "discount": 0}}, {"model": "orders.orderitem", "pk": 1, "fields": {"order": 1, "product": 10, "product_type": 13, "price": "1200.00", "quantity": 3}}, {"model": "orders.orderitem", "pk": 2, "fields": {"order": 1, "product": 4, "product_type": 1, "price": "1500.00", "quantity": 2}}, {"model": "orders.orderitem", "pk": 3, "fields": {"order": 2, "product": 10, "product_type": 13, "price": "1200.00", "quantity": 3}}, {"model": "orders.orderitem", "pk": 4, "fields": {"order": 3, "product": 4, "product_type": 1, "price": "1500.00", "quantity": 8}}, {"model": "orders.orderitem", "pk": 5, "fields": {"order": 3, "product": 10, "product_type": 13, "price": "1200.00", "quantity": 14}}, {"model": "orders.orderitem", "pk": 6, "fields": {"order": 4, "product": 4, "product_type": 1, "price": "1500.00", "quantity": 8}}, {"model": "orders.orderitem", "pk": 7, "fields": {"order": 4, "product": 10, "product_type": 13, "price": "1200.00", "quantity": 14}}, {"model": "orders.orderitem", "pk": 8, "fields": {"order": 5, "product": 4, "product_type": 1, "price": "1500.00", "quantity": 8}}, {"model": "orders.orderitem", "pk": 9, "fields": {"order": 5, "product": 10, "product_type": 13, "price": "1200.00", "quantity": 14}}, {"model": "orders.orderitem", "pk": 10, "fields": {"order": 6, "product": 4, "product_type": 1, "price": "1500.00", "quantity": 8}}, {"model": "orders.orderitem", "pk": 11, "fields": {"order": 6, "product": 10, "product_type": 13, "price": "1200.00", "quantity": 14}}, {"model": "orders.orderitem", "pk": 12, "fields": {"order": 9, "product": 4, "product_type": 1, "price": "1500.00", "quantity": 6}}, {"model": "orders.orderitem", "pk": 13, "fields": {"order": 9, "product": 10, "product_type": 12, "price": "1000.00", "quantity": 1}}, {"model": "orders.orderitem", "pk": 14, "fields": {"order": 10, "product": 10, "product_type": 12, "price": "1000.00", "quantity": 1}}, {"model": "orders.orderitem", "pk": 15, "fields": {"order": 11, "product": 10, "product_type": 12, "price": "1000.00", "quantity": 1}}, {"model": "orders.orderitem", "pk": 16, "fields": {"order": 12, "product": 10, "product_type": 12, "price": "1000.00", "quantity": 1}}, {"model": "orders.orderitem", "pk": 17, "fields": {"order": 13, "product": 10, "product_type": 12, "price": "1000.00", "quantity": 1}}, {"model": "orders.orderitem", "pk": 18, "fields": {"order": 14, "product": 10, "product_type": 12, "price": "1000.00", "quantity": 1}}, {"model": "orders.orderitem", "pk": 19, "fields": {"order": 15, "product": 10, "product_type": 12, "price": "1000.00", "quantity": 1}}, {"model": "orders.orderitem", "pk": 20, "fields": {"order": 16, "product": 10, "product_type": 12, "price": "1000.00", "quantity": 1}}, {"model": "orders.orderitem", "pk": 21, "fields": {"order": 18, "product": 10, "product_type": 12, "price": "1000.00", "quantity": 1}}, {"model": "orders.orderitem", "pk": 22, "fields": {"order": 20, "product": 10, "product_type": 12, "price": "1000.00", "quantity": 1}}, {"model": "orders.orderitem", "pk": 23, "fields": {"order": 21, "product": 10, "product_type": 12, "price": "1000.00", "quantity": 1}}, {"model": "orders.orderitem", "pk": 24, "fields": {"order": 21, "product": 4, "product_type": 1, "price": "1500.00", "quantity": 1}}, {"model": "orders.orderitem", "pk": 25, "fields": {"order": 22, "product": 10, "product_type": 12, "price": "1000.00", "quantity": 1}}, {"model": "orders.orderitem", "pk": 26, "fields": {"order": 23, "product": 10, "product_type": 12, "price": "1000.00", "quantity": 1}}, {"model": "orders.orderitem", "pk": 27, "fields": {"order": 24, "product": 10, "product_type": 12, "price": "1000.00", "quantity": 1}}, {"model": "orders.orderitem", "pk": 28, "fields": {"order": 25, "product": 10, "product_type": 12, "price": "1000.00", "quantity": 1}}, {"model": "orders.orderitem", "pk": 29, "fields": {"order": 26, "product": 11, "product_type": 8, "price": "1200.00", "quantity": 3}}, {"model": "orders.orderitem", "pk": 30, "fields": {"order": 26, "product": 10, "product_type": 14, "price": "1100.00", "quantity": 1}}, {"model": "coupons.coupon", "pk": 1, "fields": {"code": "001", "valid_from": "2021-02-11T14:07:18Z", "valid_to": "2021-03-06T14:07:24Z", "discount": 20, "active": true}}, {"model": "coupons.coupon", "pk": 2, "fields": {"code": "002", "valid_from": "2021-02-11T15:24:37Z", "valid_to": "2021-05-21T15:24:42Z", "discount": 10, "active": true}}]